group,query_id,top1_grade,top5_grades,P@1,Hit@5,MRR,gNDCG@5
original_hypergraph,Q-DOC01-FACT-001,3,3|3|1|2|2,1.0,1.0,1.0,0.902402
original_hypergraph,Q-DOC01-FACT-002,2,2|2|1|1|1,1.0,1.0,1.0,1.0
original_hypergraph,Q-DOC01-FACT-003,1,1|1|1|1|1,0.0,0.0,0.0,0.0
original_hypergraph,Q-DOC01-FACT-004,1,1|1|1|1|1,0.0,0.0,0.0,0.0
original_hypergraph,Q-DOC01-FACT-005,1,1|1|1|1|1,0.0,0.0,0.0,0.0
original_hypergraph,Q-DOC01-FACT-006,1,1|1|1|1|1,0.0,0.0,0.0,0.0
original_hypergraph,Q-DOC01-FACT-007,3,3|1|1|1|1,1.0,1.0,1.0,1.0
original_hypergraph,Q-DOC01-FACT-008,1,1|1|1|1|2,0.0,1.0,0.2,0.131205
original_hypergraph,Q-DOC01-FACT-009,1,1|2|2|2|2,0.0,1.0,0.5,0.66084
original_hypergraph,Q-DOC01-FACT-010,1,1|1|1|1|1,0.0,0.0,0.142857,0.0
original_hypergraph,Q-DOC01-FACT-011,1,1|1|1|2|1,0.0,1.0,0.25,0.430677
original_hypergraph,Q-DOC01-FACT-012,1,1|1|1|2|1,0.0,1.0,0.25,0.146068
original_hypergraph,Q-DOC01-FACT-013,1,1|1|1|1|1,0.0,0.0,0.166667,0.0
original_hypergraph,Q-DOC01-FACT-014,3,3|1|2|2|1,1.0,1.0,1.0,0.838013
original_hypergraph,Q-DOC01-FACT-015,1,1|2|2|1|1,0.0,1.0,0.5,0.441492
original_hypergraph,Q-DOC01-FACT-016,2,2|1|1|1|1,1.0,1.0,1.0,1.0
original_hypergraph,Q-DOC01-FACT-017,1,1|1|2|1|1,0.0,1.0,0.333333,0.16958
original_hypergraph,Q-DOC01-FACT-018,1,1|1|2|2|1,0.0,1.0,0.333333,0.315648
original_hypergraph,Q-DOC01-FACT-019,2,2|1|1|1|2,1.0,1.0,1.0,0.650821
original_hypergraph,Q-DOC01-FACT-020,2,2|2|1|1|2,1.0,1.0,1.0,0.684352
original_hypergraph,Q-DOC01-FACT-021,1,1|1|1|1|1,0.0,0.0,0.0,0.0
original_hypergraph,Q-DOC01-FACT-022,1,1|1|1|1|1,0.0,0.0,0.0,0.0
original_hypergraph,Q-DOC01-FACT-023,1,1|2|2|2|2,0.0,1.0,0.5,0.66084
original_hypergraph,Q-DOC01-FACT-024,2,2|1|1|1|1,1.0,1.0,1.0,1.0
original_hypergraph,Q-DOC01-FACT-025,1,1|1|1|1|1,0.0,0.0,0.0,0.0
original_hypergraph,Q-DOC02-FACT-001,1,1|1|1|1|1,0.0,0.0,0.125,0.0
original_hypergraph,Q-DOC02-FACT-002,1,1|1|1|1|2,0.0,1.0,0.2,0.386853
original_hypergraph,Q-DOC02-FACT-003,2,2|2|1|1|2,1.0,1.0,1.0,0.946902
original_hypergraph,Q-DOC02-FACT-004,1,1|1|1|1|1,0.0,0.0,0.0,0.0
original_hypergraph,Q-DOC02-FACT-005,1,1|1|1|1|1,0.0,0.0,0.0,0.0
original_hypergraph,Q-DOC02-FACT-006,1,1|1|1|1|1,0.0,0.0,0.0,0.0
original_hypergraph,Q-DOC02-FACT-007,1,1|1|1|1|2,0.0,1.0,0.2,0.237198
original_hypergraph,Q-DOC02-FACT-008,2,2|1|1|1|1,1.0,1.0,1.0,1.0
original_hypergraph,Q-DOC02-FACT-009,2,2|2|1|1|1,1.0,1.0,1.0,1.0
original_hypergraph,Q-DOC02-FACT-010,1,1|1|1|1|2,0.0,1.0,0.2,0.131205
original_hypergraph,Q-DOC02-FACT-011,1,1|1|1|1|1,0.0,0.0,0.142857,0.0
original_hypergraph,Q-DOC02-FACT-012,2,2|2|1|1|1,1.0,1.0,1.0,1.0
original_hypergraph,Q-DOC02-FACT-013,1,1|1|1|1|1,0.0,0.0,0.0,0.0
original_hypergraph,Q-DOC02-FACT-014,2,2|2|2|2|2,1.0,1.0,1.0,1.0
original_hypergraph,Q-DOC02-FACT-015,2,2|2|1|1|1,1.0,1.0,1.0,1.0
original_hypergraph,Q-DOC02-FACT-016,1,1|2|1|1|1,0.0,1.0,0.5,0.296082
original_hypergraph,Q-DOC02-FACT-017,3,3|2|2|1|2,1.0,1.0,1.0,0.988749
original_hypergraph,Q-DOC02-FACT-018,2,2|2|2|2|2,1.0,1.0,1.0,0.57553
original_hypergraph,Q-DOC02-FACT-019,3,3|1|1|1|1,1.0,1.0,1.0,0.787155
original_hypergraph,Q-DOC02-FACT-020,1,1|1|1|1|0,0.0,0.0,0.0,0.0
original_hypergraph,Q-DOC02-FACT-021,1,1|1|1|1|1,0.0,0.0,0.0,0.0
original_hypergraph,Q-DOC02-FACT-022,1,1|2|1|1|1,0.0,1.0,0.5,0.246302
original_hypergraph,Q-DOC02-FACT-023,2,2|1|1|1|1,1.0,1.0,1.0,0.469279
original_hypergraph,Q-DOC02-FACT-024,1,1|1|1|1|1,0.0,0.0,0.0,0.0
original_hypergraph,Q-DOC02-FACT-025,1,1|1|1|1|1,0.0,0.0,0.066667,0.0
original_hypergraph,Q-DOC03-FACT-001,2,2|1|1|1|1,1.0,1.0,1.0,1.0
original_hypergraph,Q-DOC03-FACT-002,3,3|3|2|1|2,1.0,1.0,1.0,0.915933
original_hypergraph,Q-DOC03-FACT-003,3,3|2|2|1|2,1.0,1.0,1.0,0.988749
original_hypergraph,Q-DOC03-FACT-004,2,2|1|1|1|1,1.0,1.0,1.0,1.0
original_hypergraph,Q-DOC03-FACT-005,2,2|1|2|1|1,1.0,1.0,1.0,0.919721
original_hypergraph,Q-DOC03-FACT-006,1,1|1|1|1|1,0.0,0.0,0.066667,0.0
original_hypergraph,Q-DOC03-FACT-007,3,3|3|2|2|1,1.0,1.0,1.0,1.0
original_hypergraph,Q-DOC03-FACT-008,1,1|1|1|1|1,0.0,0.0,0.0,0.0
original_hypergraph,Q-DOC03-FACT-009,3,3|3|2|1|1,1.0,1.0,1.0,0.840421
original_hypergraph,Q-DOC03-FACT-010,2,2|2|1|2|1,1.0,1.0,1.0,0.967468
original_hypergraph,Q-DOC04-FACT-001,2,2|1|1|1|1,1.0,1.0,1.0,0.613147
original_hypergraph,Q-DOC04-FACT-002,2,2|1|1|1|1,1.0,1.0,1.0,1.0
original_hypergraph,Q-DOC04-FACT-003,2,2|1|1|1|1,1.0,1.0,1.0,1.0
original_hypergraph,Q-DOC04-FACT-004,1,1|1|1|1|1,0.0,0.0,0.0,0.0
original_hypergraph,Q-DOC04-FACT-005,1,1|1|1|1|1,0.0,0.0,0.125,0.0
original_hypergraph,Q-DOC04-FACT-006,1,1|1|1|1|1,0.0,0.0,0.0,0.0
original_hypergraph,Q-DOC04-FACT-007,1,1|1|1|1|1,0.0,0.0,0.0,0.0
original_hypergraph,Q-DOC04-FACT-008,1,1|1|1|1|1,0.0,0.0,0.027778,0.0
original_hypergraph,Q-DOC04-FACT-009,2,2|2|2|1|1,1.0,1.0,1.0,0.831872
original_hypergraph,Q-DOC04-FACT-010,1,1|1|1|1|1,0.0,0.0,0.0,0.0
original_hypergraph,Q-DOC05-FACT-001,1,1|1|1|1|1,0.0,0.0,0.052632,0.0
original_hypergraph,Q-DOC05-FACT-002,1,1|1|1|1|1,0.0,0.0,0.0,0.0
original_hypergraph,Q-DOC05-FACT-003,1,1|1|1|1|1,0.0,0.0,0.0,0.0
original_hypergraph,Q-DOC05-FACT-004,1,1|1|1|1|1,0.0,0.0,0.0,0.0
original_hypergraph,Q-DOC05-FACT-005,2,2|1|1|1|1,1.0,1.0,1.0,0.613147
original_hypergraph,Q-DOC05-FACT-006,1,1|1|1|1|1,0.0,0.0,0.0,0.0
original_hypergraph,Q-DOC05-FACT-007,1,1|1|1|1|1,0.0,0.0,0.0,0.0
original_hypergraph,Q-DOC05-FACT-008,1,1|1|1|1|1,0.0,0.0,0.0,0.0
original_hypergraph,Q-DOC06-FACT-001,2,2|1|0|0|0,1.0,1.0,1.0,1.0
original_hypergraph,Q-DOC06-FACT-002,1,1|1|1|1|0,0.0,0.0,0.0,0.0
original_hypergraph,Q-DOC06-FACT-003,1,1|1|1|1|0,0.0,0.0,0.0,0.0
original_hypergraph,Q-DOC06-FACT-004,1,1|1|1|0|1,0.0,0.0,0.0,0.0
original_hypergraph,Q-DOC06-FACT-005,1,1|0|1|1|0,0.0,0.0,0.0,0.0
original_hypergraph,Q-DOC06-FACT-006,1,1|1|1|1|1,0.0,0.0,0.0,0.0
original_hypergraph,Q-DOC06-FACT-007,1,1|1|1|1|1,0.0,0.0,0.0,0.0
original_hypergraph,Q-DOC06-FACT-008,2,2|1|2|1|0,1.0,1.0,1.0,0.703918
original_hypergraph,Q-DOC07-FACT-001,1,1|1|1|1|1,0.0,0.0,0.0,0.0
original_hypergraph,Q-DOC07-FACT-002,1,1|1|1|1|1,0.0,0.0,0.0,0.0
original_hypergraph,Q-DOC07-FACT-003,1,1|1|1|1|1,0.0,0.0,0.0,0.0
original_hypergraph,Q-DOC07-FACT-004,1,1|1|1|1|1,0.0,0.0,0.0,0.0
original_hypergraph,Q-DOC07-FACT-005,1,1|2|1|1|1,0.0,1.0,0.5,0.63093
original_hypergraph,Q-DOC07-FACT-006,2,2|1|1|1|1,1.0,1.0,1.0,1.0
original_hypergraph,Q-DOC07-FACT-007,1,1|1|1|1|1,0.0,0.0,0.0,0.0
original_hypergraph,Q-DOC07-FACT-008,2,2|1|1|1|1,1.0,1.0,1.0,1.0
original_hypergraph,Q-DOC07-FACT-009,1,1|1|1|1|1,0.0,0.0,0.0,0.0
original_hypergraph,Q-DOC07-FACT-010,1,1|1|1|1|1,0.0,0.0,0.0,0.0
original_hypergraph,Q-DOC07-FACT-011,1,1|1|1|1|1,0.0,0.0,0.0,0.0
original_hypergraph,Q-DOC07-FACT-012,1,1|1|1|1|1,0.0,0.0,0.0,0.0
original_hypergraph,Q-DOC08-FACT-001,1,1|1|1|1|1,0.0,0.0,0.0,0.0
original_hypergraph,Q-DOC08-FACT-002,1,1|1|1|1|1,0.0,0.0,0.0,0.0
original_hypergraph,Q-DOC08-FACT-003,1,1|1|1|1|0,0.0,0.0,0.0,0.0
original_hypergraph,Q-DOC08-FACT-004,1,1|1|1|1|0,0.0,0.0,0.0,0.0
original_hypergraph,Q-DOC08-FACT-005,1,1|1|1|1|1,0.0,0.0,0.0,0.0
original_hypergraph,Q-DOC08-FACT-006,1,1|1|1|1|1,0.0,0.0,0.0,0.0
original_hypergraph,Q-DOC08-FACT-007,1,1|1|1|1|1,0.0,0.0,0.0,0.0
original_hypergraph,Q-DOC08-FACT-008,2,2|2|1|1|1,1.0,1.0,1.0,0.765361
original_hypergraph,Q-DOC08-FACT-009,1,1|1|1|1|1,0.0,0.0,0.0,0.0
original_hypergraph,Q-DOC08-FACT-010,1,1|1|1|1|1,0.0,0.0,0.0,0.0
original_hypergraph,Q-DOC08-FACT-011,1,1|1|1|1|1,0.0,0.0,0.0,0.0
original_hypergraph,Q-DOC08-FACT-012,1,1|1|1|1|0,0.0,0.0,0.0,0.0
original_hypergraph,Q-DOC09-FACT-001,1,1|1|1|1|1,0.0,0.0,0.0,0.0
original_hypergraph,Q-DOC09-FACT-002,1,1|1|1|1|1,0.0,0.0,0.0,0.0
original_hypergraph,Q-DOC09-FACT-003,1,1|2|1|1|1,0.0,1.0,0.5,0.63093
original_hypergraph,Q-DOC09-FACT-004,1,1|1|1|1|1,0.0,0.0,0.0,0.0
original_hypergraph,Q-DOC09-FACT-005,1,1|1|1|1|1,0.0,0.0,0.1,0.0
original_hypergraph,Q-DOC09-FACT-006,1,1|2|1|1|1,0.0,1.0,0.5,0.386853
original_hypergraph,Q-DOC09-FACT-007,1,1|1|2|1|1,0.0,1.0,0.333333,0.5
original_hypergraph,Q-DOC09-FACT-008,1,1|1|1|1|1,0.0,0.0,0.076923,0.0
original_hypergraph,Q-DOC09-FACT-009,1,1|1|1|0|1,0.0,0.0,0.0,0.0
original_hypergraph,Q-DOC09-FACT-010,2,2|2|1|1|2,1.0,1.0,1.0,0.787702
original_hypergraph,Q-DOC09-FACT-011,1,1|1|0|1|1,0.0,0.0,0.0,0.0
original_hypergraph,Q-DOC09-FACT-012,1,1|1|1|1|0,0.0,0.0,0.166667,0.0
original_hypergraph,Q-DOC09-FACT-013,1,1|2|1|1|1,0.0,1.0,0.5,0.63093
original_hypergraph,Q-DOC09-FACT-014,1,1|1|1|0|0,0.0,0.0,0.0,0.0
original_hypergraph,Q-DOC09-FACT-015,1,1|2|2|1|1,0.0,1.0,0.5,0.441492
original_hypergraph,Q-DOC10-FACT-001,1,1|1|1|2|1,0.0,1.0,0.25,0.430677
original_hypergraph,Q-DOC10-FACT-002,1,1|1|2|1|1,0.0,1.0,0.333333,0.5
original_hypergraph,Q-DOC10-FACT-003,1,1|1|1|1|1,0.0,0.0,0.0,0.0
original_hypergraph,Q-DOC10-FACT-004,1,1|1|1|1|1,0.0,0.0,0.0,0.0
original_hypergraph,Q-DOC10-FACT-005,1,1|1|1|1|1,0.0,0.0,0.0,0.0
original_hypergraph,Q-DOC10-FACT-006,2,2|1|2|2|2,1.0,1.0,1.0,0.904717
original_hypergraph,Q-DOC10-FACT-007,2,2|1|1|1|1,1.0,1.0,1.0,0.39038
original_hypergraph,Q-DOC10-FACT-008,2,2|1|1|1|1,1.0,1.0,1.0,1.0
original_hypergraph,Q-DOC10-FACT-009,1,1|2|1|1|1,0.0,1.0,0.5,0.63093
original_hypergraph,Q-DOC10-FACT-010,1,1|1|1|1|1,0.0,0.0,0.0,0.0
original_hypergraph,Q-DOC10-FACT-011,3,3|3|3|3|3,1.0,1.0,1.0,1.0
original_hypergraph,Q-DOC10-FACT-012,2,2|1|1|1|1,1.0,1.0,1.0,0.613147
original_hypergraph,Q-DOC10-FACT-013,3,3|3|3|3|3,1.0,1.0,1.0,1.0
original_hypergraph,Q-DOC10-FACT-014,2,2|2|2|2|2,1.0,1.0,1.0,1.0
original_hypergraph,Q-DOC10-FACT-015,2,2|1|1|1|1,1.0,1.0,1.0,0.613147
original_hypergraph,Q-DOC03-FACT-011,2,2|2|1|0|0,1.0,1.0,1.0,1.0
original_hypergraph,Q-DOC03-FACT-012,2,2|1|1|1|1,1.0,1.0,1.0,1.0
original_hypergraph,Q-DOC03-FACT-013,2,2|2|1|1|1,1.0,1.0,1.0,0.765361
original_hypergraph,Q-DOC03-FACT-014,1,1|1|1|0|2,0.0,1.0,0.2,0.237198
original_hypergraph,Q-DOC03-FACT-015,1,1|1|1|1|1,0.0,0.0,0.0,0.0
original_hypergraph,Q-DOC04-FACT-011,1,1|1|1|1|1,0.0,0.0,0.0,0.0
original_hypergraph,Q-DOC04-FACT-012,1,1|1|1|1|1,0.0,0.0,0.0,0.0
original_hypergraph,Q-DOC04-FACT-013,1,1|1|1|1|1,0.0,0.0,0.0,0.0
original_hypergraph,Q-DOC04-FACT-014,1,1|1|1|1|1,0.0,0.0,0.0,0.0
original_hypergraph,Q-DOC04-FACT-015,1,1|1|1|1|1,0.0,0.0,0.0,0.0
original_hypergraph,Q-DOC05-FACT-009,1,1|1|1|1|1,0.0,0.0,0.0,0.0
original_hypergraph,Q-DOC05-FACT-010,1,1|1|1|1|1,0.0,0.0,0.0,0.0
original_hypergraph,Q-DOC05-FACT-011,1,1|1|1|1|1,0.0,0.0,0.0,0.0
original_hypergraph,Q-DOC05-FACT-012,2,2|1|1|1|1,1.0,1.0,1.0,1.0
original_hypergraph,Q-DOC05-FACT-013,1,1|1|1|1|1,0.0,0.0,0.0,0.0
original_hypergraph,Q-DOC06-FACT-009,1,1|0|1|0|0,0.0,0.0,0.0,0.0
original_hypergraph,Q-DOC06-FACT-010,1,1|1|1|1|1,0.0,0.0,0.0,0.0
original_hypergraph,Q-DOC06-FACT-011,0,0|1|0|1|1,0.0,0.0,0.0,0.0
original_hypergraph,Q-DOC06-FACT-012,1,1|1|1|1|1,0.0,0.0,0.0,0.0
original_hypergraph,Q-DOC06-FACT-013,1,1|1|1|1|1,0.0,0.0,0.0,0.0
original_hypergraph,Q-DOC07-FACT-013,1,1|1|0|0|0,0.0,0.0,0.0,0.0
original_hypergraph,Q-DOC07-FACT-014,1,1|0|0|0|1,0.0,0.0,0.0,0.0
original_hypergraph,Q-DOC07-FACT-015,1,1|1|1|0|0,0.0,0.0,0.0,0.0
original_hypergraph,Q-DOC07-FACT-016,1,1|1|1|1|1,0.0,0.0,0.0,0.0
original_hypergraph,Q-DOC07-FACT-017,1,1|1|1|1|1,0.0,0.0,0.0,0.0
original_hypergraph,Q-DOC08-FACT-013,1,1|1|1|1|1,0.0,0.0,0.0,0.0
original_hypergraph,Q-DOC08-FACT-014,1,1|1|1|0|1,0.0,0.0,0.0,0.0
original_hypergraph,Q-DOC08-FACT-015,1,1|1|0|1|1,0.0,0.0,0.0,0.0
original_hypergraph,Q-DOC08-FACT-016,1,1|1|1|1|1,0.0,0.0,0.0,0.0
original_hypergraph,Q-DOC08-FACT-017,1,1|1|1|1|1,0.0,0.0,0.0,0.0
original_hypergraph,Q-DOC09-FACT-016,1,1|1|1|1|1,0.0,0.0,0.0,0.0
original_hypergraph,Q-DOC09-FACT-017,1,1|1|1|1|1,0.0,0.0,0.0,0.0
original_hypergraph,Q-DOC09-FACT-018,1,1|1|1|1|1,0.0,0.0,0.047619,0.0
original_hypergraph,Q-DOC09-FACT-019,1,1|1|1|1|0,0.0,0.0,0.0,0.0
original_hypergraph,Q-DOC09-FACT-020,1,1|1|1|1|0,0.0,0.0,0.055556,0.0
original_hypergraph,Q-DOC10-FACT-016,2,2|1|1|1|1,1.0,1.0,1.0,0.469279
original_hypergraph,Q-DOC10-FACT-017,1,1|1|1|1|1,0.0,0.0,0.0,0.0
original_hypergraph,Q-DOC10-FACT-018,1,1|1|1|1|1,0.0,0.0,0.0,0.0
original_hypergraph,Q-DOC10-FACT-019,1,1|1|1|1|1,0.0,0.0,0.0,0.0
original_hypergraph,Q-DOC10-FACT-020,2,2|2|2|2|2,1.0,1.0,1.0,1.0
chem_prompt_graph,Q-DOC01-FACT-001,2,2|2|1|1|1,1.0,1.0,1.0,1.0
chem_prompt_graph,Q-DOC01-FACT-002,1,1|1|1|1|1,0.0,0.0,0.0,0.0
chem_prompt_graph,Q-DOC01-FACT-003,2,2|1|1|1|1,1.0,1.0,1.0,1.0
chem_prompt_graph,Q-DOC01-FACT-004,1,1|0|0|1|1,0.0,0.0,0.0,0.0
chem_prompt_graph,Q-DOC01-FACT-005,1,1|1|1|0|0,0.0,0.0,0.0,0.0
chem_prompt_graph,Q-DOC01-FACT-006,2,2|1|1|1|1,1.0,1.0,1.0,1.0
chem_prompt_graph,Q-DOC01-FACT-007,1,1|1|1|1|1,0.0,0.0,0.0,0.0
chem_prompt_graph,Q-DOC01-FACT-008,1,1|2|1|1|1,0.0,1.0,0.5,0.213986
chem_prompt_graph,Q-DOC01-FACT-009,1,1|1|2|2|2,0.0,1.0,0.333333,0.446854
chem_prompt_graph,Q-DOC01-FACT-010,2,2|1|1|1|1,1.0,1.0,1.0,0.39038
chem_prompt_graph,Q-DOC01-FACT-011,1,1|1|1|1|1,0.0,0.0,0.0,0.0
chem_prompt_graph,Q-DOC01-FACT-012,1,1|3|1|1|1,0.0,1.0,0.5,0.424959
chem_prompt_graph,Q-DOC01-FACT-013,1,1|2|1|1|1,0.0,1.0,0.5,0.213986
chem_prompt_graph,Q-DOC01-FACT-014,1,1|1|1|1|1,0.0,0.0,0.0,0.0
chem_prompt_graph,Q-DOC01-FACT-015,1,1|1|1|1|1,0.0,0.0,0.083333,0.0
chem_prompt_graph,Q-DOC01-FACT-016,3,3|3|1|1|1,1.0,1.0,1.0,1.0
chem_prompt_graph,Q-DOC01-FACT-017,1,1|2|1|1|1,0.0,1.0,0.5,0.246302
chem_prompt_graph,Q-DOC01-FACT-018,1,1|2|1|1|1,0.0,1.0,0.5,0.246302
chem_prompt_graph,Q-DOC01-FACT-019,2,2|2|2|2|1,1.0,1.0,1.0,1.0
chem_prompt_graph,Q-DOC01-FACT-020,2,2|2|2|2|2,1.0,1.0,1.0,1.0
chem_prompt_graph,Q-DOC01-FACT-021,3,3|1|1|1|1,1.0,1.0,1.0,1.0
chem_prompt_graph,Q-DOC01-FACT-022,2,2|1|1|1|1,1.0,1.0,1.0,1.0
chem_prompt_graph,Q-DOC01-FACT-023,1,1|3|3|2|2,0.0,1.0,0.5,0.674672
chem_prompt_graph,Q-DOC01-FACT-024,1,1|1|1|1|1,0.0,0.0,0.0,0.0
chem_prompt_graph,Q-DOC01-FACT-025,2,2|1|1|1|1,1.0,1.0,1.0,1.0
chem_prompt_graph,Q-DOC02-FACT-001,1,1|1|1|1|1,0.0,0.0,0.0,0.0
chem_prompt_graph,Q-DOC02-FACT-002,1,1|1|1|1|1,0.0,0.0,0.0,0.0
chem_prompt_graph,Q-DOC02-FACT-003,1,1|1|1|1|1,0.0,0.0,0.0,0.0
chem_prompt_graph,Q-DOC02-FACT-004,1,1|1|1|1|1,0.0,0.0,0.0,0.0
chem_prompt_graph,Q-DOC02-FACT-005,1,1|1|1|1|1,0.0,0.0,0.0,0.0
chem_prompt_graph,Q-DOC02-FACT-006,1,1|0|1|0|1,0.0,0.0,0.0,0.0
chem_prompt_graph,Q-DOC02-FACT-007,1,1|1|1|1|1,0.0,0.0,0.0,0.0
chem_prompt_graph,Q-DOC02-FACT-008,1,1|1|1|1|1,0.0,0.0,0.0,0.0
chem_prompt_graph,Q-DOC02-FACT-009,1,1|1|1|1|1,0.0,0.0,0.0,0.0
chem_prompt_graph,Q-DOC02-FACT-010,1,1|2|1|1|1,0.0,1.0,0.5,0.213986
chem_prompt_graph,Q-DOC02-FACT-011,1,1|1|1|1|1,0.0,0.0,0.0,0.0
chem_prompt_graph,Q-DOC02-FACT-012,1,1|1|1|1|1,0.0,0.0,0.0,0.0
chem_prompt_graph,Q-DOC02-FACT-013,1,1|1|1|1|1,0.0,0.0,0.0,0.0
chem_prompt_graph,Q-DOC02-FACT-014,1,1|1|1|1|1,0.0,0.0,0.111111,0.0
chem_prompt_graph,Q-DOC02-FACT-015,1,1|1|1|1|1,0.0,0.0,0.0,0.0
chem_prompt_graph,Q-DOC02-FACT-016,1,1|1|1|1|1,0.0,0.0,0.0,0.0
chem_prompt_graph,Q-DOC02-FACT-017,1,1|1|1|1|1,0.0,0.0,0.0,0.0
chem_prompt_graph,Q-DOC02-FACT-018,2,2|2|1|1|1,1.0,1.0,1.0,1.0
chem_prompt_graph,Q-DOC02-FACT-019,1,1|1|1|1|1,0.0,0.0,0.0,0.0
chem_prompt_graph,Q-DOC02-FACT-020,0,0|0|0|0|0,0.0,0.0,0.0,0.0
chem_prompt_graph,Q-DOC02-FACT-021,1,1|1|1|1|1,0.0,0.0,0.0,0.0
chem_prompt_graph,Q-DOC02-FACT-022,1,1|1|1|1|1,0.0,0.0,0.0,0.0
chem_prompt_graph,Q-DOC02-FACT-023,1,1|1|1|1|1,0.0,0.0,0.071429,0.0
chem_prompt_graph,Q-DOC02-FACT-024,1,1|1|1|1|1,0.0,0.0,0.0,0.0
chem_prompt_graph,Q-DOC02-FACT-025,1,1|1|1|1|1,0.0,0.0,0.0,0.0
chem_prompt_graph,Q-DOC03-FACT-001,1,1|1|1|1|1,0.0,0.0,0.0,0.0
chem_prompt_graph,Q-DOC03-FACT-002,1,1|1|1|1|1,0.0,0.0,0.0,0.0
chem_prompt_graph,Q-DOC03-FACT-003,1,1|1|1|1|1,0.0,0.0,0.0,0.0
chem_prompt_graph,Q-DOC03-FACT-004,1,1|1|1|1|1,0.0,0.0,0.0,0.0
chem_prompt_graph,Q-DOC03-FACT-005,1,1|1|1|1|1,0.0,0.0,0.0,0.0
chem_prompt_graph,Q-DOC03-FACT-006,1,1|1|1|1|1,0.0,0.0,0.0,0.0
chem_prompt_graph,Q-DOC03-FACT-007,1,1|1|1|1|1,0.0,0.0,0.0,0.0
chem_prompt_graph,Q-DOC03-FACT-008,1,1|1|1|1|1,0.0,0.0,0.0,0.0
chem_prompt_graph,Q-DOC03-FACT-009,1,1|1|1|1|1,0.0,0.0,0.0,0.0
chem_prompt_graph,Q-DOC03-FACT-010,1,1|2|1|1|1,0.0,1.0,0.5,0.63093
chem_prompt_graph,Q-DOC04-FACT-001,2,2|1|1|0|0,1.0,1.0,1.0,1.0
chem_prompt_graph,Q-DOC04-FACT-002,1,1|1|1|1|1,0.0,0.0,0.0,0.0
chem_prompt_graph,Q-DOC04-FACT-003,1,1|1|1|1|1,0.0,0.0,0.0,0.0
chem_prompt_graph,Q-DOC04-FACT-004,1,1|1|1|1|1,0.0,0.0,0.0,0.0
chem_prompt_graph,Q-DOC04-FACT-005,2,2|2|1|1|1,1.0,1.0,1.0,1.0
chem_prompt_graph,Q-DOC04-FACT-006,1,1|1|1|1|1,0.0,0.0,0.0,0.0
chem_prompt_graph,Q-DOC04-FACT-007,2,2|1|1|1|1,1.0,1.0,1.0,1.0
chem_prompt_graph,Q-DOC04-FACT-008,1,1|2|1|1|1,0.0,1.0,0.5,0.63093
chem_prompt_graph,Q-DOC04-FACT-009,1,1|1|1|1|1,0.0,0.0,0.0,0.0
chem_prompt_graph,Q-DOC04-FACT-010,1,1|1|1|1|1,0.0,0.0,0.0,0.0
chem_prompt_graph,Q-DOC05-FACT-001,1,1|2|1|1|1,0.0,1.0,0.5,0.63093
chem_prompt_graph,Q-DOC05-FACT-002,1,1|1|1|0|0,0.0,0.0,0.0,0.0
chem_prompt_graph,Q-DOC05-FACT-003,1,1|1|1|0|0,0.0,0.0,0.0,0.0
chem_prompt_graph,Q-DOC05-FACT-004,0,0|0|1|1|1,0.0,0.0,0.0,0.0
chem_prompt_graph,Q-DOC05-FACT-005,1,1|1|1|1|1,0.0,0.0,0.0,0.0
chem_prompt_graph,Q-DOC05-FACT-006,0,0|0|1|1|1,0.0,0.0,0.0,0.0
chem_prompt_graph,Q-DOC05-FACT-007,1,1|1|1|1|1,0.0,0.0,0.0,0.0
chem_prompt_graph,Q-DOC05-FACT-008,1,1|1|1|1|0,0.0,0.0,0.0,0.0
chem_prompt_graph,Q-DOC06-FACT-001,0,0|0|1|1|1,0.0,0.0,0.0,0.0
chem_prompt_graph,Q-DOC06-FACT-002,0,0|0|0|1|0,0.0,0.0,0.0,0.0
chem_prompt_graph,Q-DOC06-FACT-003,0,0|0|0|1|0,0.0,0.0,0.0,0.0
chem_prompt_graph,Q-DOC06-FACT-004,1,1|1|1|1|1,0.0,0.0,0.0,0.0
chem_prompt_graph,Q-DOC06-FACT-005,0,0|0|1|1|0,0.0,0.0,0.0,0.0
chem_prompt_graph,Q-DOC06-FACT-006,1,1|1|1|1|1,0.0,0.0,0.0,0.0
chem_prompt_graph,Q-DOC06-FACT-007,1,1|1|1|1|1,0.0,0.0,0.0,0.0
chem_prompt_graph,Q-DOC06-FACT-008,0,0|0|0|1|2,0.0,1.0,0.2,0.237198
chem_prompt_graph,Q-DOC07-FACT-001,0,0|1|1|0|1,0.0,0.0,0.0,0.0
chem_prompt_graph,Q-DOC07-FACT-002,0,0|0|1|0|1,0.0,0.0,0.0,0.0
chem_prompt_graph,Q-DOC07-FACT-003,1,1|1|1|1|0,0.0,0.0,0.0,0.0
chem_prompt_graph,Q-DOC07-FACT-004,0,0|0|1|0|0,0.0,0.0,0.0,0.0
chem_prompt_graph,Q-DOC07-FACT-005,0,0|1|0|1|0,0.0,0.0,0.0,0.0
chem_prompt_graph,Q-DOC07-FACT-006,1,1|0|1|0|0,0.0,0.0,0.0,0.0
chem_prompt_graph,Q-DOC07-FACT-007,1,1|1|0|0|1,0.0,0.0,0.0,0.0
chem_prompt_graph,Q-DOC07-FACT-008,1,1|1|1|1|1,0.0,0.0,0.0,0.0
chem_prompt_graph,Q-DOC07-FACT-009,1,1|0|1|1|0,0.0,0.0,0.0,0.0
chem_prompt_graph,Q-DOC07-FACT-010,1,1|0|1|1|1,0.0,0.0,0.0,0.0
chem_prompt_graph,Q-DOC07-FACT-011,1,1|1|1|1|1,0.0,0.0,0.0,0.0
chem_prompt_graph,Q-DOC07-FACT-012,1,1|0|1|1|0,0.0,0.0,0.0,0.0
chem_prompt_graph,Q-DOC08-FACT-001,0,0|1|0|0|0,0.0,0.0,0.0,0.0
chem_prompt_graph,Q-DOC08-FACT-002,1,1|0|0|1|1,0.0,0.0,0.0,0.0
chem_prompt_graph,Q-DOC08-FACT-003,1,1|0|1|1|1,0.0,0.0,0.0,0.0
chem_prompt_graph,Q-DOC08-FACT-004,1,1|1|0|1|1,0.0,0.0,0.0,0.0
chem_prompt_graph,Q-DOC08-FACT-005,1,1|0|1|0|0,0.0,0.0,0.0,0.0
chem_prompt_graph,Q-DOC08-FACT-006,1,1|1|0|1|1,0.0,0.0,0.0,0.0
chem_prompt_graph,Q-DOC08-FACT-007,1,1|1|0|1|1,0.0,0.0,0.0,0.0
chem_prompt_graph,Q-DOC08-FACT-008,1,1|1|1|1|1,0.0,0.0,0.0,0.0
chem_prompt_graph,Q-DOC08-FACT-009,1,1|1|0|1|1,0.0,0.0,0.0,0.0
chem_prompt_graph,Q-DOC08-FACT-010,1,1|0|1|1|1,0.0,0.0,0.0,0.0
chem_prompt_graph,Q-DOC08-FACT-011,0,0|0|1|0|0,0.0,0.0,0.0,0.0
chem_prompt_graph,Q-DOC08-FACT-012,1,1|0|1|1|1,0.0,0.0,0.0,0.0
chem_prompt_graph,Q-DOC09-FACT-001,1,1|1|1|1|1,0.0,0.0,0.0,0.0
chem_prompt_graph,Q-DOC09-FACT-002,2,2|3|1|2|2,1.0,1.0,1.0,0.768299
chem_prompt_graph,Q-DOC09-FACT-003,1,1|1|1|1|1,0.0,0.0,0.0,0.0
chem_prompt_graph,Q-DOC09-FACT-004,1,1|1|1|1|1,0.0,0.0,0.0,0.0
chem_prompt_graph,Q-DOC09-FACT-005,1,1|1|1|1|1,0.0,0.0,0.0,0.0
chem_prompt_graph,Q-DOC09-FACT-006,1,1|1|1|1|0,0.0,0.0,0.0,0.0
chem_prompt_graph,Q-DOC09-FACT-007,1,1|1|0|1|1,0.0,0.0,0.0,0.0
chem_prompt_graph,Q-DOC09-FACT-008,1,1|2|2|2|1,0.0,1.0,0.5,0.732829
chem_prompt_graph,Q-DOC09-FACT-009,1,1|1|1|1|1,0.0,0.0,0.0,0.0
chem_prompt_graph,Q-DOC09-FACT-010,1,1|1|1|1|1,0.0,0.0,0.0,0.0
chem_prompt_graph,Q-DOC09-FACT-011,1,1|0|1|0|0,0.0,0.0,0.0,0.0
chem_prompt_graph,Q-DOC09-FACT-012,1,1|1|1|1|1,0.0,0.0,0.0,0.0
chem_prompt_graph,Q-DOC09-FACT-013,1,1|2|1|1|1,0.0,1.0,0.5,0.296082
chem_prompt_graph,Q-DOC09-FACT-014,1,1|0|1|1|1,0.0,0.0,0.0,0.0
chem_prompt_graph,Q-DOC09-FACT-015,0,0|1|1|1|1,0.0,0.0,0.0,0.0
chem_prompt_graph,Q-DOC10-FACT-001,0,0|1|1|1|1,0.0,0.0,0.0,0.0
chem_prompt_graph,Q-DOC10-FACT-002,0,0|0|1|1|1,0.0,0.0,0.0,0.0
chem_prompt_graph,Q-DOC10-FACT-003,0,0|1|0|1|1,0.0,0.0,0.0,0.0
chem_prompt_graph,Q-DOC10-FACT-004,0,0|1|0|0|0,0.0,0.0,0.0,0.0
chem_prompt_graph,Q-DOC10-FACT-005,1,1|0|0|0|1,0.0,0.0,0.0,0.0
chem_prompt_graph,Q-DOC10-FACT-006,1,1|1|1|1|1,0.0,0.0,0.0,0.0
chem_prompt_graph,Q-DOC10-FACT-007,1,1|1|1|1|1,0.0,0.0,0.1,0.0
chem_prompt_graph,Q-DOC10-FACT-008,1,1|1|1|1|1,0.0,0.0,0.0,0.0
chem_prompt_graph,Q-DOC10-FACT-009,2,2|2|0|0|0,1.0,1.0,1.0,1.0
chem_prompt_graph,Q-DOC10-FACT-010,1,1|1|1|1|0,0.0,0.0,0.0,0.0
chem_prompt_graph,Q-DOC10-FACT-011,1,1|1|1|1|1,0.0,0.0,0.0,0.0
chem_prompt_graph,Q-DOC10-FACT-012,1,1|1|1|1|1,0.0,0.0,0.0,0.0
chem_prompt_graph,Q-DOC10-FACT-013,1,1|1|1|1|1,0.0,0.0,0.0,0.0
chem_prompt_graph,Q-DOC10-FACT-014,1,1|1|1|1|1,0.0,0.0,0.0,0.0
chem_prompt_graph,Q-DOC10-FACT-015,1,1|1|1|1|1,0.0,0.0,0.0,0.0
chem_prompt_graph,Q-DOC03-FACT-011,1,1|0|0|1|1,0.0,0.0,0.0,0.0
chem_prompt_graph,Q-DOC03-FACT-012,1,1|1|1|1|1,0.0,0.0,0.0,0.0
chem_prompt_graph,Q-DOC03-FACT-013,1,1|1|1|1|1,0.0,0.0,0.0,0.0
chem_prompt_graph,Q-DOC03-FACT-014,1,1|0|0|1|1,0.0,0.0,0.0,0.0
chem_prompt_graph,Q-DOC03-FACT-015,1,1|1|1|1|1,0.0,0.0,0.0,0.0
chem_prompt_graph,Q-DOC04-FACT-011,1,1|1|0|0|1,0.0,0.0,0.0,0.0
chem_prompt_graph,Q-DOC04-FACT-012,1,1|1|1|1|1,0.0,0.0,0.0,0.0
chem_prompt_graph,Q-DOC04-FACT-013,1,1|1|1|1|1,0.0,0.0,0.0,0.0
chem_prompt_graph,Q-DOC04-FACT-014,1,1|1|1|1|1,0.0,0.0,0.0,0.0
chem_prompt_graph,Q-DOC04-FACT-015,1,1|1|1|1|1,0.0,0.0,0.0,0.0
chem_prompt_graph,Q-DOC05-FACT-009,1,1|1|1|1|1,0.0,0.0,0.0,0.0
chem_prompt_graph,Q-DOC05-FACT-010,1,1|0|1|1|1,0.0,0.0,0.0,0.0
chem_prompt_graph,Q-DOC05-FACT-011,1,1|1|1|1|0,0.0,0.0,0.0,0.0
chem_prompt_graph,Q-DOC05-FACT-012,1,1|1|1|1|1,0.0,0.0,0.0,0.0
chem_prompt_graph,Q-DOC05-FACT-013,1,1|1|1|1|1,0.0,0.0,0.0,0.0
chem_prompt_graph,Q-DOC06-FACT-009,0,0|0|1|0|0,0.0,0.0,0.0,0.0
chem_prompt_graph,Q-DOC06-FACT-010,1,1|1|1|1|1,0.0,0.0,0.0,0.0
chem_prompt_graph,Q-DOC06-FACT-011,1,1|0|0|0|0,0.0,0.0,0.0,0.0
chem_prompt_graph,Q-DOC06-FACT-012,0,0|0|0|0|0,0.0,0.0,0.0,0.0
chem_prompt_graph,Q-DOC06-FACT-013,1,1|1|1|1|1,0.0,0.0,0.0,0.0
chem_prompt_graph,Q-DOC07-FACT-013,0,0|0|0|0|0,0.0,0.0,0.0,0.0
chem_prompt_graph,Q-DOC07-FACT-014,0,0|0|0|0|0,0.0,0.0,0.0,0.0
chem_prompt_graph,Q-DOC07-FACT-015,1,1|0|1|1|0,0.0,0.0,0.0,0.0
chem_prompt_graph,Q-DOC07-FACT-016,0,0|1|0|1|1,0.0,0.0,0.0,0.0
chem_prompt_graph,Q-DOC07-FACT-017,0,0|1|0|0|1,0.0,0.0,0.0,0.0
chem_prompt_graph,Q-DOC08-FACT-013,1,1|1|0|1|1,0.0,0.0,0.0,0.0
chem_prompt_graph,Q-DOC08-FACT-014,1,1|1|0|1|1,0.0,0.0,0.0,0.0
chem_prompt_graph,Q-DOC08-FACT-015,1,1|0|1|1|1,0.0,0.0,0.0,0.0
chem_prompt_graph,Q-DOC08-FACT-016,1,1|1|0|1|1,0.0,0.0,0.0,0.0
chem_prompt_graph,Q-DOC08-FACT-017,1,1|1|1|1|1,0.0,0.0,0.0,0.0
chem_prompt_graph,Q-DOC09-FACT-016,1,1|1|1|1|1,0.0,0.0,0.0,0.0
chem_prompt_graph,Q-DOC09-FACT-017,1,1|1|1|1|1,0.0,0.0,0.0,0.0
chem_prompt_graph,Q-DOC09-FACT-018,1,1|1|1|1|1,0.0,0.0,0.041667,0.0
chem_prompt_graph,Q-DOC09-FACT-019,1,1|1|1|1|1,0.0,0.0,0.0,0.0
chem_prompt_graph,Q-DOC09-FACT-020,1,1|1|1|1|1,0.0,0.0,0.0,0.0
chem_prompt_graph,Q-DOC10-FACT-016,1,1|1|1|1|1,0.0,0.0,0.0,0.0
chem_prompt_graph,Q-DOC10-FACT-017,1,1|1|1|1|1,0.0,0.0,0.0,0.0
chem_prompt_graph,Q-DOC10-FACT-018,1,1|1|1|1|1,0.0,0.0,0.0,0.0
chem_prompt_graph,Q-DOC10-FACT-019,1,1|1|1|1|1,0.0,0.0,0.0,0.0
chem_prompt_graph,Q-DOC10-FACT-020,1,1|1|1|1|1,0.0,0.0,0.0,0.0
chem_prompt_hypergraph,Q-DOC01-FACT-001,3,3|2|2|1|1,1.0,1.0,1.0,0.889427
chem_prompt_hypergraph,Q-DOC01-FACT-002,1,1|2|1|1|1,0.0,1.0,0.5,0.63093
chem_prompt_hypergraph,Q-DOC01-FACT-003,1,1|2|1|1|1,0.0,1.0,0.5,0.63093
chem_prompt_hypergraph,Q-DOC01-FACT-004,1,1|1|0|0|1,0.0,0.0,0.0,0.0
chem_prompt_hypergraph,Q-DOC01-FACT-005,1,1|1|1|1|1,0.0,0.0,0.0,0.0
chem_prompt_hypergraph,Q-DOC01-FACT-006,1,1|2|1|1|1,0.0,1.0,0.5,0.63093
chem_prompt_hypergraph,Q-DOC01-FACT-007,1,1|1|1|1|1,0.0,0.0,0.0,0.0
chem_prompt_hypergraph,Q-DOC01-FACT-008,2,2|1|2|1|1,1.0,1.0,1.0,0.50874
chem_prompt_hypergraph,Q-DOC01-FACT-009,1,1|1|2|1|1,0.0,1.0,0.333333,0.16958
chem_prompt_hypergraph,Q-DOC01-FACT-010,2,2|2|1|2|1,1.0,1.0,1.0,0.699215
chem_prompt_hypergraph,Q-DOC01-FACT-011,2,2|1|1|1|1,1.0,1.0,1.0,1.0
chem_prompt_hypergraph,Q-DOC01-FACT-012,1,1|3|2|2|1,0.0,1.0,0.5,0.561178
chem_prompt_hypergraph,Q-DOC01-FACT-013,1,1|3|2|1|1,0.0,1.0,0.5,0.460594
chem_prompt_hypergraph,Q-DOC01-FACT-014,1,1|1|2|1|1,0.0,1.0,0.333333,0.19519
chem_prompt_hypergraph,Q-DOC01-FACT-015,1,1|1|2|2|2,0.0,1.0,0.333333,0.446854
chem_prompt_hypergraph,Q-DOC01-FACT-016,3,3|3|1|1|1,1.0,1.0,1.0,1.0
chem_prompt_hypergraph,Q-DOC01-FACT-017,1,1|2|1|2|2,0.0,1.0,0.5,0.49126
chem_prompt_hypergraph,Q-DOC01-FACT-018,1,1|2|1|2|1,0.0,1.0,0.5,0.360055
chem_prompt_hypergraph,Q-DOC01-FACT-019,3,3|2|2|2|2,1.0,1.0,1.0,1.0
chem_prompt_hypergraph,Q-DOC01-FACT-020,3,3|2|2|2|2,1.0,1.0,1.0,1.0
chem_prompt_hypergraph,Q-DOC01-FACT-021,3,3|2|1|1|1,1.0,1.0,1.0,1.0
chem_prompt_hypergraph,Q-DOC01-FACT-022,2,2|1|1|1|1,1.0,1.0,1.0,1.0
chem_prompt_hypergraph,Q-DOC01-FACT-023,1,1|3|3|2|2,0.0,1.0,0.5,0.674672
chem_prompt_hypergraph,Q-DOC01-FACT-024,1,1|1|1|1|1,0.0,0.0,0.0,0.0
chem_prompt_hypergraph,Q-DOC01-FACT-025,1,1|1|2|1|1,0.0,1.0,0.333333,0.5
chem_prompt_hypergraph,Q-DOC02-FACT-001,3,3|1|1|1|1,1.0,1.0,1.0,1.0
chem_prompt_hypergraph,Q-DOC02-FACT-002,3,3|1|1|1|1,1.0,1.0,1.0,1.0
chem_prompt_hypergraph,Q-DOC02-FACT-003,2,2|1|1|1|1,1.0,1.0,1.0,1.0
chem_prompt_hypergraph,Q-DOC02-FACT-004,3,3|2|1|1|1,1.0,1.0,1.0,1.0
chem_prompt_hypergraph,Q-DOC02-FACT-005,1,1|1|1|1|1,0.0,0.0,0.0,0.0
chem_prompt_hypergraph,Q-DOC02-FACT-006,1,1|1|0|1|0,0.0,0.0,0.166667,0.0
chem_prompt_hypergraph,Q-DOC02-FACT-007,1,1|1|1|1|1,0.0,0.0,0.0,0.0
chem_prompt_hypergraph,Q-DOC02-FACT-008,1,1|1|1|1|1,0.0,0.0,0.0,0.0
chem_prompt_hypergraph,Q-DOC02-FACT-009,2,2|1|1|1|1,1.0,1.0,1.0,1.0
chem_prompt_hypergraph,Q-DOC02-FACT-010,1,1|2|2|1|1,0.0,1.0,0.5,0.383566
chem_prompt_hypergraph,Q-DOC02-FACT-011,2,2|1|1|1|1,1.0,1.0,1.0,1.0
chem_prompt_hypergraph,Q-DOC02-FACT-012,2,2|1|1|1|1,1.0,1.0,1.0,1.0
chem_prompt_hypergraph,Q-DOC02-FACT-013,1,1|1|1|1|1,0.0,0.0,0.0,0.0
chem_prompt_hypergraph,Q-DOC02-FACT-014,2,2|1|2|1|1,1.0,1.0,1.0,0.50874
chem_prompt_hypergraph,Q-DOC02-FACT-015,1,1|2|1|1|1,0.0,1.0,0.5,0.63093
chem_prompt_hypergraph,Q-DOC02-FACT-016,2,2|1|1|1|1,1.0,1.0,1.0,1.0
chem_prompt_hypergraph,Q-DOC02-FACT-017,2,2|1|1|1|1,1.0,1.0,1.0,1.0
chem_prompt_hypergraph,Q-DOC02-FACT-018,2,2|1|2|1|3,1.0,1.0,1.0,0.693555
chem_prompt_hypergraph,Q-DOC02-FACT-019,1,1|1|1|1|1,0.0,0.0,0.0,0.0
chem_prompt_hypergraph,Q-DOC02-FACT-020,0,0|1|0|0|1,0.0,0.0,0.0,0.0
chem_prompt_hypergraph,Q-DOC02-FACT-021,1,1|1|1|1|1,0.0,0.0,0.0,0.0
chem_prompt_hypergraph,Q-DOC02-FACT-022,2,2|1|1|1|1,1.0,1.0,1.0,1.0
chem_prompt_hypergraph,Q-DOC02-FACT-023,1,1|1|1|1|1,0.0,0.0,0.125,0.0
chem_prompt_hypergraph,Q-DOC02-FACT-024,2,2|1|1|1|1,1.0,1.0,1.0,1.0
chem_prompt_hypergraph,Q-DOC02-FACT-025,2,2|1|1|1|1,1.0,1.0,1.0,1.0
chem_prompt_hypergraph,Q-DOC03-FACT-001,2,2|1|1|1|1,1.0,1.0,1.0,1.0
chem_prompt_hypergraph,Q-DOC03-FACT-002,2,2|1|1|1|1,1.0,1.0,1.0,0.613147
chem_prompt_hypergraph,Q-DOC03-FACT-003,2,2|1|1|1|1,1.0,1.0,1.0,1.0
chem_prompt_hypergraph,Q-DOC03-FACT-004,2,2|1|1|1|1,1.0,1.0,1.0,1.0
chem_prompt_hypergraph,Q-DOC03-FACT-005,1,1|1|1|1|1,0.0,0.0,0.0,0.0
chem_prompt_hypergraph,Q-DOC03-FACT-006,1,1|1|1|1|1,0.0,0.0,0.0,0.0
chem_prompt_hypergraph,Q-DOC03-FACT-007,2,2|1|1|1|1,1.0,1.0,1.0,1.0
chem_prompt_hypergraph,Q-DOC03-FACT-008,1,1|1|1|1|1,0.0,0.0,0.0,0.0
chem_prompt_hypergraph,Q-DOC03-FACT-009,1,1|1|1|1|3,0.0,1.0,0.2,0.386853
chem_prompt_hypergraph,Q-DOC03-FACT-010,2,2|1|1|2|1,1.0,1.0,1.0,0.877215
chem_prompt_hypergraph,Q-DOC04-FACT-001,2,2|1|1|1|1,1.0,1.0,1.0,1.0
chem_prompt_hypergraph,Q-DOC04-FACT-002,1,1|1|1|1|1,0.0,0.0,0.0,0.0
chem_prompt_hypergraph,Q-DOC04-FACT-003,2,2|1|1|1|1,1.0,1.0,1.0,1.0
chem_prompt_hypergraph,Q-DOC04-FACT-004,1,1|1|1|1|1,0.0,0.0,0.0,0.0
chem_prompt_hypergraph,Q-DOC04-FACT-005,1,1|1|1|2|1,0.0,1.0,0.25,0.168128
chem_prompt_hypergraph,Q-DOC04-FACT-006,1,1|1|1|1|1,0.0,0.0,0.0,0.0
chem_prompt_hypergraph,Q-DOC04-FACT-007,2,2|2|1|1|1,1.0,1.0,1.0,1.0
chem_prompt_hypergraph,Q-DOC04-FACT-008,2,2|1|2|1|1,1.0,1.0,1.0,0.703918
chem_prompt_hypergraph,Q-DOC04-FACT-009,1,1|1|1|1|1,0.0,0.0,0.0,0.0
chem_prompt_hypergraph,Q-DOC04-FACT-010,1,1|1|1|2|1,0.0,1.0,0.25,0.430677
chem_prompt_hypergraph,Q-DOC05-FACT-001,1,1|1|1|1|1,0.0,0.0,0.166667,0.0
chem_prompt_hypergraph,Q-DOC05-FACT-002,1,1|1|1|1|1,0.0,0.0,0.0,0.0
chem_prompt_hypergraph,Q-DOC05-FACT-003,1,1|1|1|1|1,0.0,0.0,0.0,0.0
chem_prompt_hypergraph,Q-DOC05-FACT-004,1,1|1|1|1|1,0.0,0.0,0.0,0.0
chem_prompt_hypergraph,Q-DOC05-FACT-005,2,2|1|1|1|1,1.0,1.0,1.0,1.0
chem_prompt_hypergraph,Q-DOC05-FACT-006,1,1|1|1|2|0,0.0,1.0,0.25,0.264068
chem_prompt_hypergraph,Q-DOC05-FACT-007,1,1|1|1|1|1,0.0,0.0,0.0,0.0
chem_prompt_hypergraph,Q-DOC05-FACT-008,1,1|1|1|1|1,0.0,0.0,0.166667,0.0
chem_prompt_hypergraph,Q-DOC06-FACT-001,0,0|1|0|0|2,0.0,1.0,0.2,0.386853
chem_prompt_hypergraph,Q-DOC06-FACT-002,1,1|0|1|1|1,0.0,0.0,0.0,0.0
chem_prompt_hypergraph,Q-DOC06-FACT-003,1,1|0|2|0|0,0.0,1.0,0.333333,0.5
chem_prompt_hypergraph,Q-DOC06-FACT-004,1,1|1|0|0|1,0.0,0.0,0.0,0.0
chem_prompt_hypergraph,Q-DOC06-FACT-005,1,1|0|1|0|1,0.0,0.0,0.125,0.0
chem_prompt_hypergraph,Q-DOC06-FACT-006,1,1|1|1|1|1,0.0,0.0,0.0,0.0
chem_prompt_hypergraph,Q-DOC06-FACT-007,1,1|1|1|1|1,0.0,0.0,0.0,0.0
chem_prompt_hypergraph,Q-DOC06-FACT-008,2,2|0|1|2|0,1.0,1.0,1.0,0.485229
chem_prompt_hypergraph,Q-DOC07-FACT-001,3,3|0|1|1|1,1.0,1.0,1.0,1.0
chem_prompt_hypergraph,Q-DOC07-FACT-002,3,3|0|0|0|1,1.0,1.0,1.0,1.0
chem_prompt_hypergraph,Q-DOC07-FACT-003,1,1|1|1|1|1,0.0,0.0,0.030303,0.0
chem_prompt_hypergraph,Q-DOC07-FACT-004,2,2|0|0|0|1,1.0,1.0,1.0,1.0
chem_prompt_hypergraph,Q-DOC07-FACT-005,1,1|1|0|1|0,0.0,0.0,0.0,0.0
chem_prompt_hypergraph,Q-DOC07-FACT-006,2,2|1|1|1|0,1.0,1.0,1.0,1.0
chem_prompt_hypergraph,Q-DOC07-FACT-007,1,1|1|1|1|0,0.0,0.0,0.0,0.0
chem_prompt_hypergraph,Q-DOC07-FACT-008,3,3|1|1|1|1,1.0,1.0,1.0,1.0
chem_prompt_hypergraph,Q-DOC07-FACT-009,1,1|1|1|1|1,0.0,0.0,0.0,0.0
chem_prompt_hypergraph,Q-DOC07-FACT-010,1,1|1|0|1|1,0.0,0.0,0.0,0.0
chem_prompt_hypergraph,Q-DOC07-FACT-011,1,1|1|1|1|1,0.0,0.0,0.0,0.0
chem_prompt_hypergraph,Q-DOC07-FACT-012,1,1|1|1|0|1,0.0,0.0,0.0,0.0
chem_prompt_hypergraph,Q-DOC08-FACT-001,0,0|1|1|1|1,0.0,0.0,0.0,0.0
chem_prompt_hypergraph,Q-DOC08-FACT-002,1,1|0|1|1|0,0.0,0.0,0.0,0.0
chem_prompt_hypergraph,Q-DOC08-FACT-003,1,1|1|0|1|1,0.0,0.0,0.0,0.0
chem_prompt_hypergraph,Q-DOC08-FACT-004,1,1|1|1|1|0,0.0,0.0,0.0,0.0
chem_prompt_hypergraph,Q-DOC08-FACT-005,1,1|1|1|0|1,0.0,0.0,0.0,0.0
chem_prompt_hypergraph,Q-DOC08-FACT-006,1,1|1|1|1|1,0.0,0.0,0.0,0.0
chem_prompt_hypergraph,Q-DOC08-FACT-007,1,1|1|1|1|1,0.0,0.0,0.0,0.0
chem_prompt_hypergraph,Q-DOC08-FACT-008,2,2|1|1|1|1,1.0,1.0,1.0,1.0
chem_prompt_hypergraph,Q-DOC08-FACT-009,1,1|1|1|1|0,0.0,0.0,0.0,0.0
chem_prompt_hypergraph,Q-DOC08-FACT-010,1,1|1|1|1|0,0.0,0.0,0.0,0.0
chem_prompt_hypergraph,Q-DOC08-FACT-011,1,1|0|0|1|1,0.0,0.0,0.0,0.0
chem_prompt_hypergraph,Q-DOC08-FACT-012,1,1|0|1|1|1,0.0,0.0,0.0,0.0
chem_prompt_hypergraph,Q-DOC09-FACT-001,3,3|1|1|1|1,1.0,1.0,1.0,1.0
chem_prompt_hypergraph,Q-DOC09-FACT-002,3,3|2|3|1|2,1.0,1.0,1.0,0.881857
chem_prompt_hypergraph,Q-DOC09-FACT-003,1,1|2|1|1|1,0.0,1.0,0.5,0.63093
chem_prompt_hypergraph,Q-DOC09-FACT-004,1,1|1|1|1|1,0.0,0.0,0.0,0.0
chem_prompt_hypergraph,Q-DOC09-FACT-005,1,1|1|1|1|1,0.0,0.0,0.166667,0.0
chem_prompt_hypergraph,Q-DOC09-FACT-006,1,1|1|2|1|1,0.0,1.0,0.333333,0.5
chem_prompt_hypergraph,Q-DOC09-FACT-007,1,1|1|1|0|1,0.0,0.0,0.0,0.0
chem_prompt_hypergraph,Q-DOC09-FACT-008,1,1|2|2|2|2,0.0,1.0,0.5,0.76064
chem_prompt_hypergraph,Q-DOC09-FACT-009,1,1|1|1|1|1,0.0,0.0,0.0,0.0
chem_prompt_hypergraph,Q-DOC09-FACT-010,1,1|1|1|1|1,0.0,0.0,0.04,0.0
chem_prompt_hypergraph,Q-DOC09-FACT-011,1,1|1|0|1|1,0.0,0.0,0.0,0.0
chem_prompt_hypergraph,Q-DOC09-FACT-012,1,1|1|1|1|1,0.0,0.0,0.0,0.0
chem_prompt_hypergraph,Q-DOC09-FACT-013,2,2|1|2|2|1,1.0,1.0,1.0,0.654809
chem_prompt_hypergraph,Q-DOC09-FACT-014,1,1|0|1|1|1,0.0,0.0,0.0,0.0
chem_prompt_hypergraph,Q-DOC09-FACT-015,2,2|1|0|1|1,1.0,1.0,1.0,1.0
chem_prompt_hypergraph,Q-DOC10-FACT-001,1,1|0|1|1|1,0.0,0.0,0.0,0.0
chem_prompt_hypergraph,Q-DOC10-FACT-002,1,1|0|2|2|1,0.0,1.0,0.333333,0.570642
chem_prompt_hypergraph,Q-DOC10-FACT-003,1,1|0|0|1|0,0.0,0.0,0.0,0.0
chem_prompt_hypergraph,Q-DOC10-FACT-004,1,1|0|1|1|1,0.0,0.0,0.0,0.0
chem_prompt_hypergraph,Q-DOC10-FACT-005,1,1|1|0|1|1,0.0,0.0,0.0,0.0
chem_prompt_hypergraph,Q-DOC10-FACT-006,1,1|2|1|1|1,0.0,1.0,0.5,0.386853
chem_prompt_hypergraph,Q-DOC10-FACT-007,2,2|1|1|1|1,1.0,1.0,1.0,0.469279
chem_prompt_hypergraph,Q-DOC10-FACT-008,2,2|1|1|1|1,1.0,1.0,1.0,1.0
chem_prompt_hypergraph,Q-DOC10-FACT-009,2,2|2|2|1|2,1.0,1.0,1.0,0.982892
chem_prompt_hypergraph,Q-DOC10-FACT-010,1,1|1|1|1|1,0.0,0.0,0.0,0.0
chem_prompt_hypergraph,Q-DOC10-FACT-011,3,3|1|1|1|1,1.0,1.0,1.0,1.0
chem_prompt_hypergraph,Q-DOC10-FACT-012,1,1|1|1|1|1,0.0,0.0,0.166667,0.0
chem_prompt_hypergraph,Q-DOC10-FACT-013,3,3|1|1|1|1,1.0,1.0,1.0,1.0
chem_prompt_hypergraph,Q-DOC10-FACT-014,2,2|1|1|1|1,1.0,1.0,1.0,1.0
chem_prompt_hypergraph,Q-DOC10-FACT-015,1,1|1|1|1|1,0.0,0.0,0.0,0.0
chem_prompt_hypergraph,Q-DOC03-FACT-011,1,1|0|1|1|0,0.0,0.0,0.0,0.0
chem_prompt_hypergraph,Q-DOC03-FACT-012,2,2|1|1|1|1,1.0,1.0,1.0,1.0
chem_prompt_hypergraph,Q-DOC03-FACT-013,2,2|1|1|1|1,1.0,1.0,1.0,1.0
chem_prompt_hypergraph,Q-DOC03-FACT-014,1,1|1|0|1|0,0.0,0.0,0.125,0.0
chem_prompt_hypergraph,Q-DOC03-FACT-015,1,1|1|1|1|1,0.0,0.0,0.0,0.0
chem_prompt_hypergraph,Q-DOC04-FACT-011,1,1|1|1|1|1,0.0,0.0,0.0,0.0
chem_prompt_hypergraph,Q-DOC04-FACT-012,1,1|1|1|1|1,0.0,0.0,0.0,0.0
chem_prompt_hypergraph,Q-DOC04-FACT-013,1,1|1|1|1|1,0.0,0.0,0.0,0.0
chem_prompt_hypergraph,Q-DOC04-FACT-014,1,1|1|1|1|1,0.0,0.0,0.0,0.0
chem_prompt_hypergraph,Q-DOC04-FACT-015,1,1|1|1|1|1,0.0,0.0,0.0,0.0
chem_prompt_hypergraph,Q-DOC05-FACT-009,1,1|1|1|1|1,0.0,0.0,0.0,0.0
chem_prompt_hypergraph,Q-DOC05-FACT-010,1,1|1|0|1|1,0.0,0.0,0.04,0.0
chem_prompt_hypergraph,Q-DOC05-FACT-011,1,1|1|1|1|1,0.0,0.0,0.0,0.0
chem_prompt_hypergraph,Q-DOC05-FACT-012,2,2|1|1|1|1,1.0,1.0,1.0,1.0
chem_prompt_hypergraph,Q-DOC05-FACT-013,1,1|1|1|1|1,0.0,0.0,0.0,0.0
chem_prompt_hypergraph,Q-DOC06-FACT-009,1,1|0|0|0|1,0.0,0.0,0.0,0.0
chem_prompt_hypergraph,Q-DOC06-FACT-010,1,1|1|1|1|1,0.0,0.0,0.0,0.0
chem_prompt_hypergraph,Q-DOC06-FACT-011,1,1|1|0|0|1,0.0,0.0,0.0,0.0
chem_prompt_hypergraph,Q-DOC06-FACT-012,1,1|0|1|0|0,0.0,0.0,0.0,0.0
chem_prompt_hypergraph,Q-DOC06-FACT-013,2,2|1|1|1|1,1.0,1.0,1.0,1.0
chem_prompt_hypergraph,Q-DOC07-FACT-013,0,0|0|1|0|1,0.0,0.0,0.0,0.0
chem_prompt_hypergraph,Q-DOC07-FACT-014,0,0|0|1|0|1,0.0,0.0,0.0,0.0
chem_prompt_hypergraph,Q-DOC07-FACT-015,1,1|1|1|0|0,0.0,0.0,0.0,0.0
chem_prompt_hypergraph,Q-DOC07-FACT-016,1,1|0|1|0|1,0.0,0.0,0.0,0.0
chem_prompt_hypergraph,Q-DOC07-FACT-017,2,2|0|1|0|1,1.0,1.0,1.0,1.0
chem_prompt_hypergraph,Q-DOC08-FACT-013,1,1|1|1|1|1,0.0,0.0,0.0,0.0
chem_prompt_hypergraph,Q-DOC08-FACT-014,1,1|1|1|1|1,0.0,0.0,0.0,0.0
chem_prompt_hypergraph,Q-DOC08-FACT-015,1,1|1|1|1|0,0.0,0.0,0.0,0.0
chem_prompt_hypergraph,Q-DOC08-FACT-016,1,1|1|1|1|1,0.0,0.0,0.0,0.0
chem_prompt_hypergraph,Q-DOC08-FACT-017,1,1|1|1|1|1,0.0,0.0,0.0,0.0
chem_prompt_hypergraph,Q-DOC09-FACT-016,1,1|1|1|1|1,0.0,0.0,0.0,0.0
chem_prompt_hypergraph,Q-DOC09-FACT-017,2,2|1|1|1|1,1.0,1.0,1.0,1.0
chem_prompt_hypergraph,Q-DOC09-FACT-018,1,1|1|2|1|2,0.0,1.0,0.333333,0.300785
chem_prompt_hypergraph,Q-DOC09-FACT-019,1,1|1|1|1|1,0.0,0.0,0.0,0.0
chem_prompt_hypergraph,Q-DOC09-FACT-020,1,1|1|1|2|1,0.0,1.0,0.25,0.430677
chem_prompt_hypergraph,Q-DOC10-FACT-016,2,2|1|1|1|1,1.0,1.0,1.0,1.0
chem_prompt_hypergraph,Q-DOC10-FACT-017,1,1|1|1|1|1,0.0,0.0,0.0,0.0
chem_prompt_hypergraph,Q-DOC10-FACT-018,1,1|1|1|1|1,0.0,0.0,0.0,0.0
chem_prompt_hypergraph,Q-DOC10-FACT-019,1,1|1|1|1|1,0.0,0.0,0.0,0.0
chem_prompt_hypergraph,Q-DOC10-FACT-020,2,2|1|1|1|1,1.0,1.0,1.0,1.0
chem_norm_hypergraph,Q-DOC01-FACT-001,1,1|1|1|2|3,0.0,1.0,0.25,0.449803
chem_norm_hypergraph,Q-DOC01-FACT-002,1,1|2|1|1|1,0.0,1.0,0.5,0.63093
chem_norm_hypergraph,Q-DOC01-FACT-003,1,1|1|1|1|1,0.0,0.0,0.0,0.0
chem_norm_hypergraph,Q-DOC01-FACT-004,1,1|1|1|1|1,0.0,0.0,0.0,0.0
chem_norm_hypergraph,Q-DOC01-FACT-005,1,1|1|1|1|1,0.0,0.0,0.0,0.0
chem_norm_hypergraph,Q-DOC01-FACT-006,1,1|1|1|1|1,0.0,0.0,0.0,0.0
chem_norm_hypergraph,Q-DOC01-FACT-007,3,3|1|1|1|1,1.0,1.0,1.0,1.0
chem_norm_hypergraph,Q-DOC01-FACT-008,2,2|2|2|1|1,1.0,1.0,1.0,0.722727
chem_norm_hypergraph,Q-DOC01-FACT-009,2,2|2|2|2|2,1.0,1.0,1.0,1.0
chem_norm_hypergraph,Q-DOC01-FACT-010,1,1|1|1|2|1,0.0,1.0,0.25,0.264068
chem_norm_hypergraph,Q-DOC01-FACT-011,1,1|1|1|1|1,0.0,0.0,0.125,0.0
chem_norm_hypergraph,Q-DOC01-FACT-012,2,2|1|1|1|1,1.0,1.0,1.0,0.33916
chem_norm_hypergraph,Q-DOC01-FACT-013,1,1|1|1|1|3,0.0,1.0,0.2,0.210813
chem_norm_hypergraph,Q-DOC01-FACT-014,2,2|1|1|1|1,1.0,1.0,1.0,1.0
chem_norm_hypergraph,Q-DOC01-FACT-015,2,2|1|1|1|1,1.0,1.0,1.0,1.0
chem_norm_hypergraph,Q-DOC01-FACT-016,1,1|1|1|1|1,0.0,0.0,0.0,0.0
chem_norm_hypergraph,Q-DOC01-FACT-017,1,1|1|2|1|1,0.0,1.0,0.333333,0.306574
chem_norm_hypergraph,Q-DOC01-FACT-018,1,1|1|2|1|1,0.0,1.0,0.333333,0.306574
chem_norm_hypergraph,Q-DOC01-FACT-019,3,3|2|1|1|1,1.0,1.0,1.0,1.0
chem_norm_hypergraph,Q-DOC01-FACT-020,3,3|2|1|1|2,1.0,1.0,1.0,0.860377
chem_norm_hypergraph,Q-DOC01-FACT-021,1,1|1|1|1|1,0.0,0.0,0.1,0.0
chem_norm_hypergraph,Q-DOC01-FACT-022,1,1|1|1|1|1,0.0,0.0,0.0,0.0
chem_norm_hypergraph,Q-DOC01-FACT-023,2,2|1|2|2|2,1.0,1.0,1.0,0.786014
chem_norm_hypergraph,Q-DOC01-FACT-024,1,1|1|1|1|1,0.0,0.0,0.0,0.0
chem_norm_hypergraph,Q-DOC01-FACT-025,1,1|1|1|1|1,0.0,0.0,0.0,0.0
chem_norm_hypergraph,Q-DOC02-FACT-001,1,1|1|1|1|1,0.0,0.0,0.0,0.0
chem_norm_hypergraph,Q-DOC02-FACT-002,1,1|1|1|1|1,0.0,0.0,0.0,0.0
chem_norm_hypergraph,Q-DOC02-FACT-003,1,1|1|1|1|1,0.0,0.0,0.0,0.0
chem_norm_hypergraph,Q-DOC02-FACT-004,1,1|1|1|1|1,0.0,0.0,0.043478,0.0
chem_norm_hypergraph,Q-DOC02-FACT-005,1,1|1|1|1|1,0.0,0.0,0.0,0.0
chem_norm_hypergraph,Q-DOC02-FACT-006,1,1|1|1|1|1,0.0,0.0,0.0,0.0
chem_norm_hypergraph,Q-DOC02-FACT-007,1,1|1|1|1|1,0.0,0.0,0.0,0.0
chem_norm_hypergraph,Q-DOC02-FACT-008,1,1|1|1|1|1,0.0,0.0,0.0,0.0
chem_norm_hypergraph,Q-DOC02-FACT-009,2,2|2|1|1|1,1.0,1.0,1.0,1.0
chem_norm_hypergraph,Q-DOC02-FACT-010,2,2|1|1|1|1,1.0,1.0,1.0,0.33916
chem_norm_hypergraph,Q-DOC02-FACT-011,1,1|1|1|1|1,0.0,0.0,0.0,0.0
chem_norm_hypergraph,Q-DOC02-FACT-012,2,2|2|1|1|1,1.0,1.0,1.0,1.0
chem_norm_hypergraph,Q-DOC02-FACT-013,1,1|1|1|1|1,0.0,0.0,0.0,0.0
chem_norm_hypergraph,Q-DOC02-FACT-014,2,2|2|2|2|2,1.0,1.0,1.0,1.0
chem_norm_hypergraph,Q-DOC02-FACT-015,2,2|2|1|1|1,1.0,1.0,1.0,1.0
chem_norm_hypergraph,Q-DOC02-FACT-016,2,2|1|1|2|1,1.0,1.0,1.0,0.877215
chem_norm_hypergraph,Q-DOC02-FACT-017,2,2|3|2|1|1,1.0,1.0,1.0,0.857951
chem_norm_hypergraph,Q-DOC02-FACT-018,2,2|2|2|1|1,1.0,1.0,1.0,0.722727
chem_norm_hypergraph,Q-DOC02-FACT-019,1,1|1|1|1|1,0.0,0.0,0.0,0.0
chem_norm_hypergraph,Q-DOC02-FACT-020,1,1|1|1|1|1,0.0,0.0,0.0,0.0
chem_norm_hypergraph,Q-DOC02-FACT-021,1,1|1|1|1|1,0.0,0.0,0.0,0.0
chem_norm_hypergraph,Q-DOC02-FACT-022,2,2|1|1|2|1,1.0,1.0,1.0,0.877215
chem_norm_hypergraph,Q-DOC02-FACT-023,1,1|1|1|1|1,0.0,0.0,0.0,0.0
chem_norm_hypergraph,Q-DOC02-FACT-024,1,1|1|1|1|1,0.0,0.0,0.0,0.0
chem_norm_hypergraph,Q-DOC02-FACT-025,1,1|1|1|1|1,0.0,0.0,0.0,0.0
chem_norm_hypergraph,Q-DOC03-FACT-001,1,1|1|1|1|1,0.0,0.0,0.0,0.0
chem_norm_hypergraph,Q-DOC03-FACT-002,1,1|1|1|1|1,0.0,0.0,0.0,0.0
chem_norm_hypergraph,Q-DOC03-FACT-003,2,2|1|1|1|1,1.0,1.0,1.0,1.0
chem_norm_hypergraph,Q-DOC03-FACT-004,1,1|1|1|1|1,0.0,0.0,0.0,0.0
chem_norm_hypergraph,Q-DOC03-FACT-005,1,1|1|1|2|1,0.0,1.0,0.25,0.430677
chem_norm_hypergraph,Q-DOC03-FACT-006,1,1|1|1|1|1,0.0,0.0,0.0,0.0
chem_norm_hypergraph,Q-DOC03-FACT-007,1,1|1|1|1|1,0.0,0.0,0.0,0.0
chem_norm_hypergraph,Q-DOC03-FACT-008,1,1|2|1|1|1,0.0,1.0,0.5,0.63093
chem_norm_hypergraph,Q-DOC03-FACT-009,1,1|1|1|1|1,0.0,0.0,0.0,0.0
chem_norm_hypergraph,Q-DOC03-FACT-010,1,1|1|1|1|1,0.0,0.0,0.0,0.0
chem_norm_hypergraph,Q-DOC04-FACT-001,1,1|1|1|1|2,0.0,1.0,0.2,0.386853
chem_norm_hypergraph,Q-DOC04-FACT-002,1,1|1|1|1|1,0.0,0.0,0.0,0.0
chem_norm_hypergraph,Q-DOC04-FACT-003,1,1|1|1|1|2,0.0,1.0,0.2,0.386853
chem_norm_hypergraph,Q-DOC04-FACT-004,1,1|1|1|1|1,0.0,0.0,0.0,0.0
chem_norm_hypergraph,Q-DOC04-FACT-005,1,1|1|1|1|1,0.0,0.0,0.111111,0.0
chem_norm_hypergraph,Q-DOC04-FACT-006,1,1|1|1|1|1,0.0,0.0,0.0,0.0
chem_norm_hypergraph,Q-DOC04-FACT-007,1,1|1|1|1|1,0.0,0.0,0.0,0.0
chem_norm_hypergraph,Q-DOC04-FACT-008,1,1|1|1|1|1,0.0,0.0,0.0,0.0
chem_norm_hypergraph,Q-DOC04-FACT-009,2,2|2|1|1|1,1.0,1.0,1.0,1.0
chem_norm_hypergraph,Q-DOC04-FACT-010,2,2|2|1|1|1,1.0,1.0,1.0,1.0
chem_norm_hypergraph,Q-DOC05-FACT-001,1,1|1|1|1|1,0.0,0.0,0.021739,0.0
chem_norm_hypergraph,Q-DOC05-FACT-002,1,1|1|1|1|1,0.0,0.0,0.0,0.0
chem_norm_hypergraph,Q-DOC05-FACT-003,1,1|1|1|1|2,0.0,1.0,0.2,0.386853
chem_norm_hypergraph,Q-DOC05-FACT-004,1,1|1|1|1|0,0.0,0.0,0.0,0.0
chem_norm_hypergraph,Q-DOC05-FACT-005,1,1|1|1|1|1,0.0,0.0,0.0,0.0
chem_norm_hypergraph,Q-DOC05-FACT-006,1,1|1|2|1|1,0.0,1.0,0.333333,0.5
chem_norm_hypergraph,Q-DOC05-FACT-007,1,1|1|1|1|1,0.0,0.0,0.0,0.0
chem_norm_hypergraph,Q-DOC05-FACT-008,1,1|2|1|1|1,0.0,1.0,0.5,0.63093
chem_norm_hypergraph,Q-DOC06-FACT-001,0,0|1|1|0|0,0.0,0.0,0.0,0.0
chem_norm_hypergraph,Q-DOC06-FACT-002,1,1|1|1|1|1,0.0,0.0,0.0,0.0
chem_norm_hypergraph,Q-DOC06-FACT-003,2,2|1|0|1|1,1.0,1.0,1.0,1.0
chem_norm_hypergraph,Q-DOC06-FACT-004,1,1|1|0|1|1,0.0,0.0,0.0,0.0
chem_norm_hypergraph,Q-DOC06-FACT-005,0,0|1|1|1|0,0.0,0.0,0.0,0.0
chem_norm_hypergraph,Q-DOC06-FACT-006,1,1|1|1|1|1,0.0,0.0,0.0,0.0
chem_norm_hypergraph,Q-DOC06-FACT-007,1,1|1|1|1|1,0.0,0.0,0.0,0.0
chem_norm_hypergraph,Q-DOC06-FACT-008,1,1|0|1|1|0,0.0,0.0,0.0,0.0
chem_norm_hypergraph,Q-DOC07-FACT-001,0,0|1|1|1|1,0.0,0.0,0.0,0.0
chem_norm_hypergraph,Q-DOC07-FACT-002,0,0|1|1|1|1,0.0,0.0,0.0,0.0
chem_norm_hypergraph,Q-DOC07-FACT-003,1,1|1|2|1|1,0.0,1.0,0.333333,0.5
chem_norm_hypergraph,Q-DOC07-FACT-004,1,1|1|1|0|1,0.0,0.0,0.0,0.0
chem_norm_hypergraph,Q-DOC07-FACT-005,1,1|1|1|1|0,0.0,0.0,0.0,0.0
chem_norm_hypergraph,Q-DOC07-FACT-006,2,2|1|0|1|0,1.0,1.0,1.0,1.0
chem_norm_hypergraph,Q-DOC07-FACT-007,1,1|1|1|1|1,0.0,0.0,0.0,0.0
chem_norm_hypergraph,Q-DOC07-FACT-008,1,1|1|1|1|1,0.0,0.0,0.0,0.0
chem_norm_hypergraph,Q-DOC07-FACT-009,1,1|1|1|1|1,0.0,0.0,0.0,0.0
chem_norm_hypergraph,Q-DOC07-FACT-010,1,1|1|1|1|1,0.0,0.0,0.0,0.0
chem_norm_hypergraph,Q-DOC07-FACT-011,1,1|1|1|1|1,0.0,0.0,0.0,0.0
chem_norm_hypergraph,Q-DOC07-FACT-012,1,1|1|0|1|0,0.0,0.0,0.0,0.0
chem_norm_hypergraph,Q-DOC08-FACT-001,1,1|1|0|0|0,0.0,0.0,0.0,0.0
chem_norm_hypergraph,Q-DOC08-FACT-002,1,1|1|1|1|1,0.0,0.0,0.0,0.0
chem_norm_hypergraph,Q-DOC08-FACT-003,0,0|1|1|1|0,0.0,0.0,0.0,0.0
chem_norm_hypergraph,Q-DOC08-FACT-004,0,0|0|1|1|0,0.0,0.0,0.0,0.0
chem_norm_hypergraph,Q-DOC08-FACT-005,0,0|0|1|1|1,0.0,0.0,0.0,0.0
chem_norm_hypergraph,Q-DOC08-FACT-006,0,0|0|0|1|1,0.0,0.0,0.0,0.0
chem_norm_hypergraph,Q-DOC08-FACT-007,0,0|0|1|1|1,0.0,0.0,0.0,0.0
chem_norm_hypergraph,Q-DOC08-FACT-008,1,1|1|1|1|1,0.0,0.0,0.0,0.0
chem_norm_hypergraph,Q-DOC08-FACT-009,1,1|1|1|1|1,0.0,0.0,0.0,0.0
chem_norm_hypergraph,Q-DOC08-FACT-010,0,0|1|1|1|1,0.0,0.0,0.0,0.0
chem_norm_hypergraph,Q-DOC08-FACT-011,1,1|1|0|1|1,0.0,0.0,0.0,0.0
chem_norm_hypergraph,Q-DOC08-FACT-012,0,0|1|1|1|1,0.0,0.0,0.0,0.0
chem_norm_hypergraph,Q-DOC09-FACT-001,1,1|1|1|1|1,0.0,0.0,0.0,0.0
chem_norm_hypergraph,Q-DOC09-FACT-002,1,1|1|1|1|1,0.0,0.0,0.0,0.0
chem_norm_hypergraph,Q-DOC09-FACT-003,1,1|0|1|1|1,0.0,0.0,0.0,0.0
chem_norm_hypergraph,Q-DOC09-FACT-004,1,1|0|0|0|0,0.0,0.0,0.0,0.0
chem_norm_hypergraph,Q-DOC09-FACT-005,1,1|0|1|1|0,0.0,0.0,0.0,0.0
chem_norm_hypergraph,Q-DOC09-FACT-006,1,1|0|1|1|1,0.0,0.0,0.0,0.0
chem_norm_hypergraph,Q-DOC09-FACT-007,0,0|1|0|0|0,0.0,0.0,0.0,0.0
chem_norm_hypergraph,Q-DOC09-FACT-008,1,1|1|1|1|1,0.0,0.0,0.0,0.0
chem_norm_hypergraph,Q-DOC09-FACT-009,1,1|0|0|0|0,0.0,0.0,0.0,0.0
chem_norm_hypergraph,Q-DOC09-FACT-010,1,1|1|1|1|1,0.0,0.0,0.0,0.0
chem_norm_hypergraph,Q-DOC09-FACT-011,1,1|1|0|1|0,0.0,0.0,0.0,0.0
chem_norm_hypergraph,Q-DOC09-FACT-012,0,0|1|1|0|0,0.0,0.0,0.0,0.0
chem_norm_hypergraph,Q-DOC09-FACT-013,1,1|1|1|1|1,0.0,0.0,0.0,0.0
chem_norm_hypergraph,Q-DOC09-FACT-014,1,1|0|0|0|0,0.0,0.0,0.0,0.0
chem_norm_hypergraph,Q-DOC09-FACT-015,1,1|2|0|1|1,0.0,1.0,0.5,0.63093
chem_norm_hypergraph,Q-DOC10-FACT-001,1,1|1|0|1|1,0.0,0.0,0.0,0.0
chem_norm_hypergraph,Q-DOC10-FACT-002,1,1|1|1|1|0,0.0,0.0,0.0,0.0
chem_norm_hypergraph,Q-DOC10-FACT-003,1,1|1|1|1|1,0.0,0.0,0.0,0.0
chem_norm_hypergraph,Q-DOC10-FACT-004,1,1|1|1|1|1,0.0,0.0,0.0,0.0
chem_norm_hypergraph,Q-DOC10-FACT-005,0,0|0|1|1|1,0.0,0.0,0.0,0.0
chem_norm_hypergraph,Q-DOC10-FACT-006,1,1|1|1|1|1,0.0,0.0,0.0,0.0
chem_norm_hypergraph,Q-DOC10-FACT-007,1,1|1|0|1|1,0.0,0.0,0.0,0.0
chem_norm_hypergraph,Q-DOC10-FACT-008,1,1|1|1|1|1,0.0,0.0,0.0,0.0
chem_norm_hypergraph,Q-DOC10-FACT-009,1,1|0|1|1|1,0.0,0.0,0.0,0.0
chem_norm_hypergraph,Q-DOC10-FACT-010,1,1|1|1|1|1,0.0,0.0,0.0,0.0
chem_norm_hypergraph,Q-DOC10-FACT-011,2,2|1|2|1|1,1.0,1.0,1.0,0.919721
chem_norm_hypergraph,Q-DOC10-FACT-012,1,1|1|1|1|1,0.0,0.0,0.0,0.0
chem_norm_hypergraph,Q-DOC10-FACT-013,1,1|2|2|1|1,0.0,1.0,0.5,0.693426
chem_norm_hypergraph,Q-DOC10-FACT-014,1,1|1|1|1|1,0.0,0.0,0.0,0.0
chem_norm_hypergraph,Q-DOC10-FACT-015,1,1|1|1|1|1,0.0,0.0,0.0,0.0
chem_norm_hypergraph,Q-DOC03-FACT-011,1,1|1|1|1|1,0.0,0.0,0.0,0.0
chem_norm_hypergraph,Q-DOC03-FACT-012,1,1|1|1|1|1,0.0,0.0,0.0,0.0
chem_norm_hypergraph,Q-DOC03-FACT-013,1,1|1|1|1|1,0.0,0.0,0.0,0.0
chem_norm_hypergraph,Q-DOC03-FACT-014,1,1|1|1|1|1,0.0,0.0,0.0,0.0
chem_norm_hypergraph,Q-DOC03-FACT-015,1,1|2|1|1|1,0.0,1.0,0.5,0.63093
chem_norm_hypergraph,Q-DOC04-FACT-011,1,1|1|1|1|2,0.0,1.0,0.2,0.386853
chem_norm_hypergraph,Q-DOC04-FACT-012,1,1|1|1|1|1,0.0,0.0,0.0,0.0
chem_norm_hypergraph,Q-DOC04-FACT-013,1,1|1|2|1|1,0.0,1.0,0.333333,0.5
chem_norm_hypergraph,Q-DOC04-FACT-014,1,1|1|1|1|1,0.0,0.0,0.0,0.0
chem_norm_hypergraph,Q-DOC04-FACT-015,1,1|1|1|1|1,0.0,0.0,0.0,0.0
chem_norm_hypergraph,Q-DOC05-FACT-009,1,1|1|1|1|1,0.0,0.0,0.0,0.0
chem_norm_hypergraph,Q-DOC05-FACT-010,1,1|1|1|1|1,0.0,0.0,0.1,0.0
chem_norm_hypergraph,Q-DOC05-FACT-011,1,1|1|1|1|1,0.0,0.0,0.0,0.0
chem_norm_hypergraph,Q-DOC05-FACT-012,1,1|1|1|1|1,0.0,0.0,0.0,0.0
chem_norm_hypergraph,Q-DOC05-FACT-013,1,1|1|1|1|1,0.0,0.0,0.0,0.0
chem_norm_hypergraph,Q-DOC06-FACT-009,1,1|0|0|0|0,0.0,0.0,0.0,0.0
chem_norm_hypergraph,Q-DOC06-FACT-010,1,1|1|1|1|1,0.0,0.0,0.0,0.0
chem_norm_hypergraph,Q-DOC06-FACT-011,1,1|1|1|1|1,0.0,0.0,0.0,0.0
chem_norm_hypergraph,Q-DOC06-FACT-012,1,1|1|1|0|0,0.0,0.0,0.0,0.0
chem_norm_hypergraph,Q-DOC06-FACT-013,1,1|1|1|1|1,0.0,0.0,0.0,0.0
chem_norm_hypergraph,Q-DOC07-FACT-013,1,1|1|1|0|1,0.0,0.0,0.0,0.0
chem_norm_hypergraph,Q-DOC07-FACT-014,1,1|1|1|0|1,0.0,0.0,0.0,0.0
chem_norm_hypergraph,Q-DOC07-FACT-015,1,1|1|1|1|1,0.0,0.0,0.0,0.0
chem_norm_hypergraph,Q-DOC07-FACT-016,1,1|1|1|1|1,0.0,0.0,0.0,0.0
chem_norm_hypergraph,Q-DOC07-FACT-017,1,1|1|1|0|1,0.0,0.0,0.0,0.0
chem_norm_hypergraph,Q-DOC08-FACT-013,0,0|1|0|1|0,0.0,0.0,0.0,0.0
chem_norm_hypergraph,Q-DOC08-FACT-014,0,0|1|1|1|0,0.0,0.0,0.0,0.0
chem_norm_hypergraph,Q-DOC08-FACT-015,0,0|1|1|0|1,0.0,0.0,0.0,0.0
chem_norm_hypergraph,Q-DOC08-FACT-016,1,1|1|1|0|1,0.0,0.0,0.0,0.0
chem_norm_hypergraph,Q-DOC08-FACT-017,1,1|1|1|1|1,0.0,0.0,0.0,0.0
chem_norm_hypergraph,Q-DOC09-FACT-016,1,1|1|1|1|1,0.0,0.0,0.0,0.0
chem_norm_hypergraph,Q-DOC09-FACT-017,1,1|1|1|1|1,0.0,0.0,0.0,0.0
chem_norm_hypergraph,Q-DOC09-FACT-018,1,1|1|1|1|1,0.0,0.0,0.0,0.0
chem_norm_hypergraph,Q-DOC09-FACT-019,1,1|1|0|0|0,0.0,0.0,0.0,0.0
chem_norm_hypergraph,Q-DOC09-FACT-020,0,0|1|1|0|1,0.0,0.0,0.0,0.0
chem_norm_hypergraph,Q-DOC10-FACT-016,1,1|1|1|1|1,0.0,0.0,0.0,0.0
chem_norm_hypergraph,Q-DOC10-FACT-017,1,1|1|1|1|1,0.0,0.0,0.0,0.0
chem_norm_hypergraph,Q-DOC10-FACT-018,1,1|1|1|1|1,0.0,0.0,0.0,0.0
chem_norm_hypergraph,Q-DOC10-FACT-019,1,1|1|1|1|1,0.0,0.0,0.0,0.0
chem_norm_hypergraph,Q-DOC10-FACT-020,1,1|1|1|1|1,0.0,0.0,0.0,0.0
text_segments,Q-DOC01-FACT-001,3,3|3|3|3|1,1.0,1.0,1.0,0.868795
text_segments,Q-DOC01-FACT-002,3,3|2|3|1|1,1.0,1.0,1.0,0.959454
text_segments,Q-DOC01-FACT-003,3,3|2|3|2|2,1.0,1.0,1.0,0.854701
text_segments,Q-DOC01-FACT-004,2,2|3|2|2|2,1.0,1.0,1.0,0.885073
text_segments,Q-DOC01-FACT-005,2,2|2|3|2|1,1.0,1.0,1.0,0.753954
text_segments,Q-DOC01-FACT-006,1,1|3|2|1|1,0.0,1.0,0.5,0.665315
text_segments,Q-DOC01-FACT-007,3,3|2|2|1|1,1.0,1.0,1.0,0.889427
text_segments,Q-DOC01-FACT-008,2,2|3|2|2|2,1.0,1.0,1.0,0.885073
text_segments,Q-DOC01-FACT-009,3,3|3|2|1|2,1.0,1.0,1.0,0.915933
text_segments,Q-DOC01-FACT-010,3,3|3|3|3|3,1.0,1.0,1.0,1.0
text_segments,Q-DOC01-FACT-011,3,3|3|3|3|2,1.0,1.0,1.0,0.925026
text_segments,Q-DOC01-FACT-012,3,3|2|3|1|3,1.0,1.0,1.0,0.790955
text_segments,Q-DOC01-FACT-013,3,3|2|2|1|1,1.0,1.0,1.0,0.544359
text_segments,Q-DOC01-FACT-014,3,3|2|3|3|2,1.0,1.0,1.0,0.867811
text_segments,Q-DOC01-FACT-015,3,3|3|3|3|2,1.0,1.0,1.0,0.925026
text_segments,Q-DOC01-FACT-016,1,1|3|2|1|1,0.0,1.0,0.5,0.665315
text_segments,Q-DOC01-FACT-017,2,2|3|3|2|2,1.0,1.0,1.0,0.869869
text_segments,Q-DOC01-FACT-018,3,3|2|3|2|2,1.0,1.0,1.0,0.965924
text_segments,Q-DOC01-FACT-019,3,3|2|3|1|1,1.0,1.0,1.0,0.806345
text_segments,Q-DOC01-FACT-020,3,3|2|1|1|1,1.0,1.0,1.0,0.855669
text_segments,Q-DOC01-FACT-021,2,2|2|3|1|2,1.0,1.0,1.0,0.743719
text_segments,Q-DOC01-FACT-022,3,3|1|3|1|3,1.0,1.0,1.0,0.88546
text_segments,Q-DOC01-FACT-023,3,3|2|3|1|1,1.0,1.0,1.0,0.806345
text_segments,Q-DOC01-FACT-024,3,3|3|1|1|2,1.0,1.0,1.0,0.97372
text_segments,Q-DOC01-FACT-025,2,2|1|3|1|1,1.0,1.0,1.0,0.730929
text_segments,Q-DOC02-FACT-001,3,3|1|1|1|1,1.0,1.0,1.0,1.0
text_segments,Q-DOC02-FACT-002,3,3|1|1|1|1,1.0,1.0,1.0,1.0
text_segments,Q-DOC02-FACT-003,3,3|1|1|1|1,1.0,1.0,1.0,1.0
text_segments,Q-DOC02-FACT-004,3,3|2|2|3|3,1.0,1.0,1.0,0.780819
text_segments,Q-DOC02-FACT-005,3,3|1|1|1|1,1.0,1.0,1.0,1.0
text_segments,Q-DOC02-FACT-006,3,3|2|2|2|2,1.0,1.0,1.0,1.0
text_segments,Q-DOC02-FACT-007,3,3|1|1|1|1,1.0,1.0,1.0,0.787155
text_segments,Q-DOC02-FACT-008,3,3|1|1|2|1,1.0,1.0,1.0,0.797864
text_segments,Q-DOC02-FACT-009,3,3|1|1|1|1,1.0,1.0,1.0,1.0
text_segments,Q-DOC02-FACT-010,3,3|3|3|2|3,1.0,1.0,1.0,0.916532
text_segments,Q-DOC02-FACT-011,3,3|1|1|1|1,1.0,1.0,1.0,1.0
text_segments,Q-DOC02-FACT-012,3,3|1|1|1|1,1.0,1.0,1.0,1.0
text_segments,Q-DOC02-FACT-013,3,3|2|1|2|2,1.0,1.0,1.0,0.97095
text_segments,Q-DOC02-FACT-014,2,2|2|1|1|1,1.0,1.0,1.0,0.553146
text_segments,Q-DOC02-FACT-015,3,3|1|1|1|1,1.0,1.0,1.0,1.0
text_segments,Q-DOC02-FACT-016,3,3|1|1|1|1,1.0,1.0,1.0,1.0
text_segments,Q-DOC02-FACT-017,3,3|1|1|1|1,1.0,1.0,1.0,1.0
text_segments,Q-DOC02-FACT-018,3,3|1|1|1|1,1.0,1.0,1.0,1.0
text_segments,Q-DOC02-FACT-019,3,3|1|1|1|1,1.0,1.0,1.0,1.0
text_segments,Q-DOC02-FACT-020,3,3|2|2|1|1,1.0,1.0,1.0,0.809068
text_segments,Q-DOC02-FACT-021,3,3|2|1|1|2,1.0,1.0,1.0,0.860377
text_segments,Q-DOC02-FACT-022,3,3|1|1|1|2,1.0,1.0,1.0,0.91766
text_segments,Q-DOC02-FACT-023,3,3|2|2|2|2,1.0,1.0,1.0,1.0
text_segments,Q-DOC02-FACT-024,3,3|2|1|1|1,1.0,1.0,1.0,0.855669
text_segments,Q-DOC02-FACT-025,3,3|2|2|2|1,1.0,1.0,1.0,0.909652
text_segments,Q-DOC03-FACT-001,3,3|1|1|1|1,1.0,1.0,1.0,1.0
text_segments,Q-DOC03-FACT-002,3,3|1|1|1|1,1.0,1.0,1.0,1.0
text_segments,Q-DOC03-FACT-003,3,3|1|1|1|1,1.0,1.0,1.0,1.0
text_segments,Q-DOC03-FACT-004,3,3|1|1|1|1,1.0,1.0,1.0,1.0
text_segments,Q-DOC03-FACT-005,2,2|1|1|1|1,1.0,1.0,1.0,1.0
text_segments,Q-DOC03-FACT-006,3,3|1|1|1|1,1.0,1.0,1.0,1.0
text_segments,Q-DOC03-FACT-007,3,3|1|1|1|1,1.0,1.0,1.0,0.787155
text_segments,Q-DOC03-FACT-008,3,3|1|1|1|1,1.0,1.0,1.0,1.0
text_segments,Q-DOC03-FACT-009,3,3|2|2|2|2,1.0,1.0,1.0,1.0
text_segments,Q-DOC03-FACT-010,2,2|1|1|1|1,1.0,1.0,1.0,1.0
text_segments,Q-DOC04-FACT-001,2,2|2|2|1|3,1.0,1.0,1.0,0.708485
text_segments,Q-DOC04-FACT-002,1,1|2|2|2|2,0.0,1.0,0.5,0.455057
text_segments,Q-DOC04-FACT-003,3,3|3|2|2|2,1.0,1.0,1.0,0.80501
text_segments,Q-DOC04-FACT-004,2,2|2|3|1|3,1.0,1.0,1.0,0.722278
text_segments,Q-DOC04-FACT-005,2,2|1|2|1|2,1.0,1.0,1.0,0.440669
text_segments,Q-DOC04-FACT-006,1,1|2|1|1|2,0.0,1.0,0.5,0.477624
text_segments,Q-DOC04-FACT-007,2,2|1|1|2|3,1.0,1.0,1.0,0.544943
text_segments,Q-DOC04-FACT-008,3,3|3|3|2|3,1.0,1.0,1.0,0.916532
text_segments,Q-DOC04-FACT-009,3,3|3|3|3|2,1.0,1.0,1.0,0.925026
text_segments,Q-DOC04-FACT-010,3,3|3|2|1|3,1.0,1.0,1.0,0.757029
text_segments,Q-DOC05-FACT-001,3,3|3|3|3|3,1.0,1.0,1.0,1.0
text_segments,Q-DOC05-FACT-002,3,3|3|3|2|3,1.0,1.0,1.0,0.916532
text_segments,Q-DOC05-FACT-003,3,3|3|3|1|2,1.0,1.0,1.0,0.778957
text_segments,Q-DOC05-FACT-004,3,3|2|2|2|2,1.0,1.0,1.0,1.0
text_segments,Q-DOC05-FACT-005,3,3|3|3|1|2,1.0,1.0,1.0,0.778957
text_segments,Q-DOC05-FACT-006,3,3|3|3|3|3,1.0,1.0,1.0,1.0
text_segments,Q-DOC05-FACT-007,3,3|3|3|2|3,1.0,1.0,1.0,0.990818
text_segments,Q-DOC05-FACT-008,3,3|3|3|3|3,1.0,1.0,1.0,1.0
text_segments,Q-DOC06-FACT-001,3,3|1|2|2|1,1.0,1.0,1.0,0.838013
text_segments,Q-DOC06-FACT-002,2,2|2|1|1|1,1.0,1.0,1.0,1.0
text_segments,Q-DOC06-FACT-003,2,2|2|1|1|1,1.0,1.0,1.0,1.0
text_segments,Q-DOC06-FACT-004,2,2|1|1|0|1,1.0,1.0,1.0,1.0
text_segments,Q-DOC06-FACT-005,2,2|1|1|1|2,1.0,1.0,1.0,0.850345
text_segments,Q-DOC06-FACT-006,2,2|1|1|1|1,1.0,1.0,1.0,1.0
text_segments,Q-DOC06-FACT-007,2,2|2|1|1|1,1.0,1.0,1.0,1.0
text_segments,Q-DOC06-FACT-008,2,2|2|1|1|1,1.0,1.0,1.0,1.0
text_segments,Q-DOC07-FACT-001,3,3|2|2|2|1,1.0,1.0,1.0,0.909652
text_segments,Q-DOC07-FACT-002,3,3|2|1|2|1,1.0,1.0,1.0,0.792878
text_segments,Q-DOC07-FACT-003,3,3|2|2|2|2,1.0,1.0,1.0,1.0
text_segments,Q-DOC07-FACT-004,3,3|2|2|1|1,1.0,1.0,1.0,0.809068
text_segments,Q-DOC07-FACT-005,3,3|1|2|1|1,1.0,1.0,1.0,0.955831
text_segments,Q-DOC07-FACT-006,3,3|1|1|1|1,1.0,1.0,1.0,1.0
text_segments,Q-DOC07-FACT-007,3,3|2|2|2|2,1.0,1.0,1.0,1.0
text_segments,Q-DOC07-FACT-008,3,3|2|1|1|2,1.0,1.0,1.0,0.782643
text_segments,Q-DOC07-FACT-009,3,3|2|2|2|2,1.0,1.0,1.0,1.0
text_segments,Q-DOC07-FACT-010,3,3|1|1|1|1,1.0,1.0,1.0,1.0
text_segments,Q-DOC07-FACT-011,2,2|1|1|1|1,1.0,1.0,1.0,1.0
text_segments,Q-DOC07-FACT-012,3,3|1|1|1|1,1.0,1.0,1.0,1.0
text_segments,Q-DOC08-FACT-001,3,3|1|1|1|1,1.0,1.0,1.0,1.0
text_segments,Q-DOC08-FACT-002,3,3|1|1|1|1,1.0,1.0,1.0,1.0
text_segments,Q-DOC08-FACT-003,3,3|1|1|1|1,1.0,1.0,1.0,1.0
text_segments,Q-DOC08-FACT-004,3,3|1|1|1|1,1.0,1.0,1.0,1.0
text_segments,Q-DOC08-FACT-005,3,3|1|1|1|1,1.0,1.0,1.0,0.787155
text_segments,Q-DOC08-FACT-006,3,3|1|1|1|1,1.0,1.0,1.0,1.0
text_segments,Q-DOC08-FACT-007,3,3|2|1|2|1,1.0,1.0,1.0,0.792878
text_segments,Q-DOC08-FACT-008,3,3|1|1|1|1,1.0,1.0,1.0,1.0
text_segments,Q-DOC08-FACT-009,3,3|1|1|1|1,1.0,1.0,1.0,1.0
text_segments,Q-DOC08-FACT-010,3,3|1|1|1|1,1.0,1.0,1.0,1.0
text_segments,Q-DOC08-FACT-011,3,3|1|1|2|1,1.0,1.0,1.0,0.932444
text_segments,Q-DOC08-FACT-012,3,3|1|1|1|1,1.0,1.0,1.0,1.0
text_segments,Q-DOC09-FACT-001,2,2|2|3|1|2,1.0,1.0,1.0,0.817586
text_segments,Q-DOC09-FACT-002,2,2|2|1|2|3,1.0,1.0,1.0,0.692295
text_segments,Q-DOC09-FACT-003,3,3|3|2|3|2,1.0,1.0,1.0,0.984035
text_segments,Q-DOC09-FACT-004,2,2|3|3|1|2,1.0,1.0,1.0,0.785802
text_segments,Q-DOC09-FACT-005,3,3|3|3|2|2,1.0,1.0,1.0,1.0
text_segments,Q-DOC09-FACT-006,3,3|2|2|2|2,1.0,1.0,1.0,1.0
text_segments,Q-DOC09-FACT-007,1,1|3|1|1|2,0.0,1.0,0.5,0.627145
text_segments,Q-DOC09-FACT-008,1,1|1|1|3|2,0.0,1.0,0.25,0.469515
text_segments,Q-DOC09-FACT-009,3,3|2|2|2|1,1.0,1.0,1.0,0.909652
text_segments,Q-DOC09-FACT-010,2,2|3|2|3|2,1.0,1.0,1.0,0.851826
text_segments,Q-DOC09-FACT-011,2,2|3|3|1|2,1.0,1.0,1.0,0.785802
text_segments,Q-DOC09-FACT-012,3,3|3|2|2|2,1.0,1.0,1.0,1.0
text_segments,Q-DOC09-FACT-013,2,2|2|3|2|1,1.0,1.0,1.0,0.753954
text_segments,Q-DOC09-FACT-014,3,3|1|2|1|1,1.0,1.0,1.0,0.955831
text_segments,Q-DOC09-FACT-015,3,3|3|2|2|1,1.0,1.0,1.0,0.924488
text_segments,Q-DOC10-FACT-001,3,3|2|3|3|2,1.0,1.0,1.0,0.953883
text_segments,Q-DOC10-FACT-002,3,3|3|1|1|1,1.0,1.0,1.0,1.0
text_segments,Q-DOC10-FACT-003,2,2|3|1|1|1,1.0,1.0,1.0,0.833991
text_segments,Q-DOC10-FACT-004,2,2|2|1|2|2,1.0,1.0,1.0,0.83042
text_segments,Q-DOC10-FACT-005,3,3|1|3|1|1,1.0,1.0,1.0,0.919721
text_segments,Q-DOC10-FACT-006,3,3|2|2|2|3,1.0,1.0,1.0,0.936476
text_segments,Q-DOC10-FACT-007,3,3|3|2|2|3,1.0,1.0,1.0,0.973943
text_segments,Q-DOC10-FACT-008,3,3|2|1|1|1,1.0,1.0,1.0,1.0
text_segments,Q-DOC10-FACT-009,2,2|3|1|1|1,1.0,1.0,1.0,0.833991
text_segments,Q-DOC10-FACT-010,3,3|2|2|2|2,1.0,1.0,1.0,1.0
text_segments,Q-DOC10-FACT-011,3,3|1|2|1|1,1.0,1.0,1.0,0.955831
text_segments,Q-DOC10-FACT-012,3,3|2|1|3|1,1.0,1.0,1.0,0.774771
text_segments,Q-DOC10-FACT-013,1,1|3|1|2|1,0.0,1.0,0.5,0.641929
text_segments,Q-DOC10-FACT-014,3,3|1|1|1|1,1.0,1.0,1.0,1.0
text_segments,Q-DOC10-FACT-015,3,3|2|2|2|2,1.0,1.0,1.0,1.0
text_segments,Q-DOC03-FACT-011,3,3|2|2|2|1,1.0,1.0,1.0,1.0
text_segments,Q-DOC03-FACT-012,3,3|1|1|1|2,1.0,1.0,1.0,0.785213
text_segments,Q-DOC03-FACT-013,3,3|1|1|1|1,1.0,1.0,1.0,1.0
text_segments,Q-DOC03-FACT-014,3,3|1|2|1|1,1.0,1.0,1.0,0.955831
text_segments,Q-DOC03-FACT-015,3,3|1|1|1|1,1.0,1.0,1.0,1.0
text_segments,Q-DOC04-FACT-011,2,2|1|2|1|3,1.0,1.0,1.0,0.561133
text_segments,Q-DOC04-FACT-012,3,3|3|2|1|1,1.0,1.0,1.0,0.909067
text_segments,Q-DOC04-FACT-013,3,3|3|2|2|1,1.0,1.0,1.0,0.744222
text_segments,Q-DOC04-FACT-014,3,3|1|1|1|2,1.0,1.0,1.0,0.785213
text_segments,Q-DOC04-FACT-015,2,2|1|1|1|3,1.0,1.0,1.0,0.44436
text_segments,Q-DOC05-FACT-009,3,3|3|3|2|2,1.0,1.0,1.0,1.0
text_segments,Q-DOC05-FACT-010,3,3|3|2|1|2,1.0,1.0,1.0,0.915933
text_segments,Q-DOC05-FACT-011,3,3|2|2|3|2,1.0,1.0,1.0,0.947882
text_segments,Q-DOC05-FACT-012,3,3|3|1|2|3,1.0,1.0,1.0,0.746952
text_segments,Q-DOC05-FACT-013,3,3|3|1|2|2,1.0,1.0,1.0,0.902402
text_segments,Q-DOC06-FACT-009,3,3|2|1|1|1,1.0,1.0,1.0,1.0
text_segments,Q-DOC06-FACT-010,3,3|1|1|1|1,1.0,1.0,1.0,1.0
text_segments,Q-DOC06-FACT-011,3,3|1|0|1|1,1.0,1.0,1.0,1.0
text_segments,Q-DOC06-FACT-012,3,3|3|1|1|1,1.0,1.0,1.0,1.0
text_segments,Q-DOC06-FACT-013,3,3|3|1|1|1,1.0,1.0,1.0,1.0
text_segments,Q-DOC07-FACT-013,2,2|1|1|1|1,1.0,1.0,1.0,1.0
text_segments,Q-DOC07-FACT-014,2,2|1|1|1|1,1.0,1.0,1.0,0.613147
text_segments,Q-DOC07-FACT-015,3,3|1|1|1|1,1.0,1.0,1.0,1.0
text_segments,Q-DOC07-FACT-016,3,3|1|2|1|1,1.0,1.0,1.0,0.955831
text_segments,Q-DOC07-FACT-017,3,3|1|1|2|1,1.0,1.0,1.0,0.797864
text_segments,Q-DOC08-FACT-013,3,3|2|2|1|2,1.0,1.0,1.0,0.899417
text_segments,Q-DOC08-FACT-014,3,3|1|2|1|2,1.0,1.0,1.0,0.929544
text_segments,Q-DOC08-FACT-015,3,3|2|2|1|1,1.0,1.0,1.0,0.809068
text_segments,Q-DOC08-FACT-016,3,3|1|2|1|1,1.0,1.0,1.0,0.955831
text_segments,Q-DOC08-FACT-017,3,3|2|1|2|2,1.0,1.0,1.0,0.883226
text_segments,Q-DOC09-FACT-016,3,3|2|2|3|2,1.0,1.0,1.0,0.947882
text_segments,Q-DOC09-FACT-017,3,3|1|1|1|1,1.0,1.0,1.0,1.0
text_segments,Q-DOC09-FACT-018,3,3|3|2|2|2,1.0,1.0,1.0,1.0
text_segments,Q-DOC09-FACT-019,3,3|1|1|1|3,1.0,1.0,1.0,0.850345
text_segments,Q-DOC09-FACT-020,3,3|3|2|2|2,1.0,1.0,1.0,1.0
text_segments,Q-DOC10-FACT-016,2,2|2|2|2|2,1.0,1.0,1.0,1.0
text_segments,Q-DOC10-FACT-017,1,1|1|1|1|1,0.0,0.0,0.0,0.0
text_segments,Q-DOC10-FACT-018,1,1|3|2|1|1,0.0,1.0,0.5,0.56929
text_segments,Q-DOC10-FACT-019,2,2|1|1|1|2,1.0,1.0,1.0,0.5414
text_segments,Q-DOC10-FACT-020,1,1|1|1|1|2,0.0,1.0,0.2,0.386853
