group,k,fact_type,facts,Strict Coverage@k,Soft Support@k,Condition Integrity@k
text_segments,1,measurement,22,0.0,0.2727,0.6477
text_segments,1,condition-heavy,61,0.1639,0.4262,0.5869
text_segments,1,composition,9,0.0,0.3889,0.9444
text_segments,1,comparison,31,0.0645,0.3548,0.5715
text_segments,1,degradation,50,0.04,0.35,0.658
text_segments,1,other,7,0.0,0.2857,0.8929
text_segments,3,measurement,22,0.0,0.2955,0.6477
text_segments,3,condition-heavy,61,0.2131,0.5,0.6393
text_segments,3,composition,9,0.0,0.3889,0.9444
text_segments,3,comparison,31,0.0968,0.4032,0.6054
text_segments,3,degradation,50,0.04,0.4,0.701
text_segments,3,other,7,0.0,0.4286,0.8929
text_segments,5,measurement,22,0.0,0.2955,0.6477
text_segments,5,condition-heavy,61,0.2131,0.5328,0.659
text_segments,5,composition,9,0.0,0.3889,0.9444
text_segments,5,comparison,31,0.129,0.4355,0.6183
text_segments,5,degradation,50,0.08,0.42,0.713
text_segments,5,other,7,0.0,0.5,0.8929
text_segments,10,measurement,22,0.0,0.2955,0.6477
text_segments,10,condition-heavy,61,0.2131,0.5328,0.6623
text_segments,10,composition,9,0.0,0.3889,0.9444
text_segments,10,comparison,31,0.129,0.4355,0.6183
text_segments,10,degradation,50,0.08,0.43,0.718
text_segments,10,other,7,0.0,0.5,0.8929
original_hypergraph,1,measurement,22,0.0,0.0455,0.625
original_hypergraph,1,condition-heavy,61,0.0,0.0164,0.2689
original_hypergraph,1,composition,9,0.0,0.1111,0.9444
original_hypergraph,1,comparison,31,0.0323,0.0484,0.4452
original_hypergraph,1,degradation,50,0.0,0.01,0.525
original_hypergraph,1,other,7,0.0,0.0714,0.8571
original_hypergraph,3,measurement,22,0.0,0.0455,0.6705
original_hypergraph,3,condition-heavy,61,0.0,0.0246,0.3705
original_hypergraph,3,composition,9,0.0,0.1111,0.9444
original_hypergraph,3,comparison,31,0.0323,0.0645,0.4839
original_hypergraph,3,degradation,50,0.0,0.01,0.582
original_hypergraph,3,other,7,0.0,0.0714,0.8571
original_hypergraph,5,measurement,22,0.0,0.0455,0.6705
original_hypergraph,5,condition-heavy,61,0.0,0.0246,0.3902
original_hypergraph,5,composition,9,0.0,0.1111,0.9444
original_hypergraph,5,comparison,31,0.0323,0.0645,0.5065
original_hypergraph,5,degradation,50,0.0,0.01,0.611
original_hypergraph,5,other,7,0.0,0.0714,0.8571
original_hypergraph,10,measurement,22,0.0,0.0455,0.6705
original_hypergraph,10,condition-heavy,61,0.0,0.0246,0.4098
original_hypergraph,10,composition,9,0.0,0.1111,0.9722
original_hypergraph,10,comparison,31,0.0323,0.0645,0.5065
original_hypergraph,10,degradation,50,0.0,0.01,0.643
original_hypergraph,10,other,7,0.0,0.0714,0.8571
chem_prompt_graph,1,measurement,22,0.0,0.0,0.5455
chem_prompt_graph,1,condition-heavy,61,0.0,0.0,0.0754
chem_prompt_graph,1,composition,9,0.0,0.0,0.8889
chem_prompt_graph,1,comparison,31,0.0,0.0,0.421
chem_prompt_graph,1,degradation,50,0.0,0.0,0.472
chem_prompt_graph,1,other,7,0.0,0.0,0.8929
chem_prompt_graph,3,measurement,22,0.0,0.0,0.5909
chem_prompt_graph,3,condition-heavy,61,0.0,0.0082,0.118
chem_prompt_graph,3,composition,9,0.0,0.0,0.8889
chem_prompt_graph,3,comparison,31,0.0,0.0,0.4484
chem_prompt_graph,3,degradation,50,0.0,0.01,0.485
chem_prompt_graph,3,other,7,0.0,0.0,0.8929
chem_prompt_graph,5,measurement,22,0.0,0.0,0.5909
chem_prompt_graph,5,condition-heavy,61,0.0,0.0082,0.1311
chem_prompt_graph,5,composition,9,0.0,0.0,0.8889
chem_prompt_graph,5,comparison,31,0.0,0.0,0.4484
chem_prompt_graph,5,degradation,50,0.0,0.01,0.502
chem_prompt_graph,5,other,7,0.0,0.0,0.8929
chem_prompt_graph,10,measurement,22,0.0,0.0,0.6023
chem_prompt_graph,10,condition-heavy,61,0.0,0.0082,0.1639
chem_prompt_graph,10,composition,9,0.0,0.0,0.8889
chem_prompt_graph,10,comparison,31,0.0,0.0,0.4613
chem_prompt_graph,10,degradation,50,0.0,0.01,0.528
chem_prompt_graph,10,other,7,0.0,0.0,0.8929
chem_prompt_hypergraph,1,measurement,22,0.0,0.0227,0.5682
chem_prompt_hypergraph,1,condition-heavy,61,0.0,0.0082,0.2951
chem_prompt_hypergraph,1,composition,9,0.0,0.1111,0.8889
chem_prompt_hypergraph,1,comparison,31,0.0,0.0161,0.4914
chem_prompt_hypergraph,1,degradation,50,0.0,0.01,0.508
chem_prompt_hypergraph,1,other,7,0.0,0.0714,0.8571
chem_prompt_hypergraph,3,measurement,22,0.0,0.0227,0.6023
chem_prompt_hypergraph,3,condition-heavy,61,0.0,0.0164,0.3574
chem_prompt_hypergraph,3,composition,9,0.0,0.1111,0.8889
chem_prompt_hypergraph,3,comparison,31,0.0,0.0161,0.5317
chem_prompt_hypergraph,3,degradation,50,0.0,0.03,0.558
chem_prompt_hypergraph,3,other,7,0.0,0.0714,0.8929
chem_prompt_hypergraph,5,measurement,22,0.0,0.0227,0.6023
chem_prompt_hypergraph,5,condition-heavy,61,0.0,0.0164,0.3672
chem_prompt_hypergraph,5,composition,9,0.0,0.1111,0.9167
chem_prompt_hypergraph,5,comparison,31,0.0,0.0161,0.5382
chem_prompt_hypergraph,5,degradation,50,0.0,0.03,0.58
chem_prompt_hypergraph,5,other,7,0.0,0.0714,0.8929
chem_prompt_hypergraph,10,measurement,22,0.0,0.0227,0.6136
chem_prompt_hypergraph,10,condition-heavy,61,0.0,0.0164,0.4393
chem_prompt_hypergraph,10,composition,9,0.0,0.1111,0.9167
chem_prompt_hypergraph,10,comparison,31,0.0,0.0161,0.5446
chem_prompt_hypergraph,10,degradation,50,0.0,0.03,0.613
chem_prompt_hypergraph,10,other,7,0.0,0.0714,0.8929
chem_norm_hypergraph,1,measurement,22,0.0,0.0455,0.6477
chem_norm_hypergraph,1,condition-heavy,61,0.0,0.0082,0.3148
chem_norm_hypergraph,1,composition,9,0.2222,0.3333,0.9167
chem_norm_hypergraph,1,comparison,31,0.0323,0.1452,0.5016
chem_norm_hypergraph,1,degradation,50,0.0,0.06,0.575
chem_norm_hypergraph,1,other,7,0.0,0.1429,0.8571
chem_norm_hypergraph,3,measurement,22,0.0,0.0455,0.6591
chem_norm_hypergraph,3,condition-heavy,61,0.0,0.0328,0.4656
chem_norm_hypergraph,3,composition,9,0.2222,0.3333,0.9444
chem_norm_hypergraph,3,comparison,31,0.0645,0.1935,0.5758
chem_norm_hypergraph,3,degradation,50,0.0,0.11,0.618
chem_norm_hypergraph,3,other,7,0.0,0.2143,0.8571
chem_norm_hypergraph,5,measurement,22,0.0,0.0909,0.6818
chem_norm_hypergraph,5,condition-heavy,61,0.0,0.0328,0.5082
chem_norm_hypergraph,5,composition,9,0.2222,0.3333,0.9444
chem_norm_hypergraph,5,comparison,31,0.0645,0.1935,0.5984
chem_norm_hypergraph,5,degradation,50,0.0,0.12,0.632
chem_norm_hypergraph,5,other,7,0.0,0.2143,0.8571
chem_norm_hypergraph,10,measurement,22,0.0,0.1136,0.7159
chem_norm_hypergraph,10,condition-heavy,61,0.0,0.0328,0.5443
chem_norm_hypergraph,10,composition,9,0.2222,0.3333,0.9444
chem_norm_hypergraph,10,comparison,31,0.0645,0.1935,0.5984
chem_norm_hypergraph,10,degradation,50,0.0,0.14,0.64
chem_norm_hypergraph,10,other,7,0.0,0.2143,0.8571
