group,query_id,threshold,top1_grade,top5_grades,P@1,Hit@5,MRR,gNDCG@5
chem_norm_hypergraph,Q-DOC01-FACT-001,grade>=2,2,2|1|1|2|2,1.0,1.0,1.0,0.709527
chem_norm_hypergraph,Q-DOC01-FACT-002,grade>=2,2,2|3|1|1|2,1.0,1.0,1.0,0.734035
chem_norm_hypergraph,Q-DOC01-FACT-003,grade>=2,1,1|2|1|1|1,0.0,1.0,0.5,0.386853
chem_norm_hypergraph,Q-DOC01-FACT-004,grade>=2,1,1|1|1|1|1,0.0,0.0,0.0,0.0
chem_norm_hypergraph,Q-DOC01-FACT-005,grade>=2,1,1|1|1|1|1,0.0,0.0,0.0,0.0
chem_norm_hypergraph,Q-DOC01-FACT-006,grade>=2,1,1|2|1|1|0,0.0,1.0,0.5,0.63093
chem_norm_hypergraph,Q-DOC01-FACT-007,grade>=2,3,3|1|1|1|2,1.0,1.0,1.0,0.785213
chem_norm_hypergraph,Q-DOC01-FACT-008,grade>=2,1,1|2|1|1|1,0.0,1.0,0.5,0.213986
chem_norm_hypergraph,Q-DOC01-FACT-009,grade>=2,2,2|2|2|2|2,1.0,1.0,1.0,1.0
chem_norm_hypergraph,Q-DOC01-FACT-010,grade>=2,1,1|2|1|2|1,0.0,1.0,0.5,0.498189
chem_norm_hypergraph,Q-DOC01-FACT-011,grade>=2,1,1|1|2|1|1,0.0,1.0,0.333333,0.306574
chem_norm_hypergraph,Q-DOC01-FACT-012,grade>=2,2,2|1|1|1|1,1.0,1.0,1.0,0.469279
chem_norm_hypergraph,Q-DOC01-FACT-013,grade>=2,1,1|1|1|1|2,0.0,1.0,0.2,0.15102
chem_norm_hypergraph,Q-DOC01-FACT-014,grade>=2,2,2|1|1|1|1,1.0,1.0,1.0,1.0
chem_norm_hypergraph,Q-DOC01-FACT-015,grade>=2,2,2|2|1|1|1,1.0,1.0,1.0,0.765361
chem_norm_hypergraph,Q-DOC01-FACT-016,grade>=2,1,1|0|0|0|1,0.0,0.0,0.0,0.0
chem_norm_hypergraph,Q-DOC01-FACT-017,grade>=2,2,2|2|2|2|1,1.0,1.0,1.0,0.868795
chem_norm_hypergraph,Q-DOC01-FACT-018,grade>=2,2,2|2|2|1|2,1.0,1.0,1.0,0.853932
chem_norm_hypergraph,Q-DOC01-FACT-019,grade>=2,3,3|2|2|1|1,1.0,1.0,1.0,1.0
chem_norm_hypergraph,Q-DOC01-FACT-020,grade>=2,3,3|2|2|1|1,1.0,1.0,1.0,1.0
chem_norm_hypergraph,Q-DOC01-FACT-021,grade>=2,1,1|1|1|1|1,0.0,0.0,0.0,0.0
chem_norm_hypergraph,Q-DOC01-FACT-022,grade>=2,1,1|1|1|0|1,0.0,0.0,0.0,0.0
chem_norm_hypergraph,Q-DOC01-FACT-023,grade>=2,2,2|1|2|2|2,1.0,1.0,1.0,0.786014
chem_norm_hypergraph,Q-DOC01-FACT-024,grade>=2,2,2|1|1|2|1,1.0,1.0,1.0,0.671386
chem_norm_hypergraph,Q-DOC01-FACT-025,grade>=2,1,1|2|1|0|1,0.0,1.0,0.5,0.63093
chem_norm_hypergraph,Q-DOC02-FACT-001,grade>=2,1,1|1|1|1|1,0.0,0.0,0.0,0.0
chem_norm_hypergraph,Q-DOC02-FACT-002,grade>=2,1,1|1|1|1|1,0.0,0.0,0.0,0.0
chem_norm_hypergraph,Q-DOC02-FACT-003,grade>=2,1,1|0|1|1|0,0.0,0.0,0.0,0.0
chem_norm_hypergraph,Q-DOC02-FACT-004,grade>=2,1,1|1|1|1|0,0.0,0.0,0.0,0.0
chem_norm_hypergraph,Q-DOC02-FACT-005,grade>=2,1,1|1|1|1|1,0.0,0.0,0.0,0.0
chem_norm_hypergraph,Q-DOC02-FACT-006,grade>=2,1,1|1|1|1|0,0.0,0.0,0.0,0.0
chem_norm_hypergraph,Q-DOC02-FACT-007,grade>=2,1,1|0|1|1|1,0.0,0.0,0.0,0.0
chem_norm_hypergraph,Q-DOC02-FACT-008,grade>=2,1,1|0|1|1|0,0.0,0.0,0.0,0.0
chem_norm_hypergraph,Q-DOC02-FACT-009,grade>=2,1,1|1|0|0|0,0.0,0.0,0.0,0.0
chem_norm_hypergraph,Q-DOC02-FACT-010,grade>=2,1,1|0|0|0|0,0.0,0.0,0.142857,0.0
chem_norm_hypergraph,Q-DOC02-FACT-011,grade>=2,0,0|1|1|1|1,0.0,0.0,0.0,0.0
chem_norm_hypergraph,Q-DOC02-FACT-012,grade>=2,1,1|1|0|0|0,0.0,0.0,0.0,0.0
chem_norm_hypergraph,Q-DOC02-FACT-013,grade>=2,1,1|1|1|1|1,0.0,0.0,0.0,0.0
chem_norm_hypergraph,Q-DOC02-FACT-014,grade>=2,2,2|2|2|2|2,1.0,1.0,1.0,1.0
chem_norm_hypergraph,Q-DOC02-FACT-015,grade>=2,1,1|1|1|0|0,0.0,0.0,0.0,0.0
chem_norm_hypergraph,Q-DOC02-FACT-016,grade>=2,1,1|1|0|1|0,0.0,0.0,0.0,0.0
chem_norm_hypergraph,Q-DOC02-FACT-017,grade>=2,2,2|2|1|1|1,1.0,1.0,1.0,1.0
chem_norm_hypergraph,Q-DOC02-FACT-018,grade>=2,2,2|2|2|0|0,1.0,1.0,1.0,0.722727
chem_norm_hypergraph,Q-DOC02-FACT-019,grade>=2,2,2|1|1|0|1,1.0,1.0,1.0,1.0
chem_norm_hypergraph,Q-DOC02-FACT-020,grade>=2,1,1|1|1|1|1,0.0,0.0,0.0,0.0
chem_norm_hypergraph,Q-DOC02-FACT-021,grade>=2,1,1|0|1|0|0,0.0,0.0,0.0,0.0
chem_norm_hypergraph,Q-DOC02-FACT-022,grade>=2,2,2|1|1|1|1,1.0,1.0,1.0,1.0
chem_norm_hypergraph,Q-DOC02-FACT-023,grade>=2,1,1|1|1|1|0,0.0,0.0,0.0,0.0
chem_norm_hypergraph,Q-DOC02-FACT-024,grade>=2,2,2|2|1|1|1,1.0,1.0,1.0,1.0
chem_norm_hypergraph,Q-DOC02-FACT-025,grade>=2,0,0|0|1|0|1,0.0,0.0,0.0,0.0
chem_norm_hypergraph,Q-DOC03-FACT-001,grade>=2,1,1|1|0|0|1,0.0,0.0,0.0,0.0
chem_norm_hypergraph,Q-DOC03-FACT-002,grade>=2,1,1|1|0|1|2,0.0,1.0,0.2,0.386853
chem_norm_hypergraph,Q-DOC03-FACT-003,grade>=2,2,2|1|1|1|0,1.0,1.0,1.0,1.0
chem_norm_hypergraph,Q-DOC03-FACT-004,grade>=2,1,1|0|0|0|0,0.0,0.0,0.0,0.0
chem_norm_hypergraph,Q-DOC03-FACT-005,grade>=2,1,1|2|2|2|0,0.0,1.0,0.5,0.732829
chem_norm_hypergraph,Q-DOC03-FACT-006,grade>=2,0,0|0|0|1|0,0.0,0.0,0.0,0.0
chem_norm_hypergraph,Q-DOC03-FACT-007,grade>=2,1,1|0|0|0|1,0.0,0.0,0.0,0.0
chem_norm_hypergraph,Q-DOC03-FACT-008,grade>=2,1,1|2|1|1|1,0.0,1.0,0.5,0.63093
chem_norm_hypergraph,Q-DOC03-FACT-009,grade>=2,1,1|1|1|1|2,0.0,1.0,0.2,0.386853
chem_norm_hypergraph,Q-DOC03-FACT-010,grade>=2,1,1|1|0|0|0,0.0,0.0,0.0,0.0
chem_norm_hypergraph,Q-DOC04-FACT-001,grade>=2,1,1|0|0|1|1,0.0,0.0,0.0,0.0
chem_norm_hypergraph,Q-DOC04-FACT-002,grade>=2,0,0|1|1|1|1,0.0,0.0,0.0,0.0
chem_norm_hypergraph,Q-DOC04-FACT-003,grade>=2,1,1|0|1|0|1,0.0,0.0,0.0,0.0
chem_norm_hypergraph,Q-DOC04-FACT-004,grade>=2,1,1|1|1|0|0,0.0,0.0,0.0,0.0
chem_norm_hypergraph,Q-DOC04-FACT-005,grade>=2,1,1|1|1|1|1,0.0,0.0,0.0,0.0
chem_norm_hypergraph,Q-DOC04-FACT-006,grade>=2,1,1|1|1|1|0,0.0,0.0,0.0,0.0
chem_norm_hypergraph,Q-DOC04-FACT-007,grade>=2,1,1|1|1|1|1,0.0,0.0,0.0,0.0
chem_norm_hypergraph,Q-DOC04-FACT-008,grade>=2,1,1|1|0|1|0,0.0,0.0,0.0,0.0
chem_norm_hypergraph,Q-DOC04-FACT-009,grade>=2,1,1|1|0|1|1,0.0,0.0,0.0,0.0
chem_norm_hypergraph,Q-DOC04-FACT-010,grade>=2,1,1|1|1|0|1,0.0,0.0,0.0,0.0
chem_norm_hypergraph,Q-DOC05-FACT-001,grade>=2,1,1|1|1|1|1,0.0,0.0,0.0,0.0
chem_norm_hypergraph,Q-DOC05-FACT-002,grade>=2,1,1|1|1|0|1,0.0,0.0,0.0,0.0
chem_norm_hypergraph,Q-DOC05-FACT-003,grade>=2,1,1|1|0|1|1,0.0,0.0,0.0,0.0
chem_norm_hypergraph,Q-DOC05-FACT-004,grade>=2,1,1|0|1|1|0,0.0,0.0,0.0,0.0
chem_norm_hypergraph,Q-DOC05-FACT-005,grade>=2,1,1|1|1|1|1,0.0,0.0,0.0,0.0
chem_norm_hypergraph,Q-DOC05-FACT-006,grade>=2,1,1|0|1|0|0,0.0,0.0,0.0,0.0
chem_norm_hypergraph,Q-DOC05-FACT-007,grade>=2,1,1|1|1|0|1,0.0,0.0,0.166667,0.0
chem_norm_hypergraph,Q-DOC05-FACT-008,grade>=2,1,1|1|0|0|0,0.0,0.0,0.0,0.0
chem_norm_hypergraph,Q-DOC06-FACT-001,grade>=2,0,0|1|1|0|0,0.0,0.0,0.0,0.0
chem_norm_hypergraph,Q-DOC06-FACT-002,grade>=2,1,1|1|0|1|1,0.0,0.0,0.0,0.0
chem_norm_hypergraph,Q-DOC06-FACT-003,grade>=2,1,1|1|0|0|0,0.0,0.0,0.0,0.0
chem_norm_hypergraph,Q-DOC06-FACT-004,grade>=2,0,0|0|0|1|0,0.0,0.0,0.0,0.0
chem_norm_hypergraph,Q-DOC06-FACT-005,grade>=2,0,0|1|0|0|0,0.0,0.0,0.0,0.0
chem_norm_hypergraph,Q-DOC06-FACT-006,grade>=2,0,0|0|0|0|0,0.0,0.0,0.0,0.0
chem_norm_hypergraph,Q-DOC06-FACT-007,grade>=2,0,0|0|0|0|0,0.0,0.0,0.0,0.0
chem_norm_hypergraph,Q-DOC06-FACT-008,grade>=2,1,1|0|0|0|0,0.0,0.0,0.0,0.0
chem_norm_hypergraph,Q-DOC07-FACT-001,grade>=2,0,0|1|1|1|0,0.0,0.0,0.0,0.0
chem_norm_hypergraph,Q-DOC07-FACT-002,grade>=2,0,0|1|1|1|1,0.0,0.0,0.0,0.0
chem_norm_hypergraph,Q-DOC07-FACT-003,grade>=2,1,1|1|1|1|1,0.0,0.0,0.0,0.0
chem_norm_hypergraph,Q-DOC07-FACT-004,grade>=2,1,1|1|1|0|1,0.0,0.0,0.0,0.0
chem_norm_hypergraph,Q-DOC07-FACT-005,grade>=2,1,1|0|1|1|0,0.0,0.0,0.0,0.0
chem_norm_hypergraph,Q-DOC07-FACT-006,grade>=2,2,2|1|0|1|0,1.0,1.0,1.0,1.0
chem_norm_hypergraph,Q-DOC07-FACT-007,grade>=2,1,1|1|0|1|1,0.0,0.0,0.0,0.0
chem_norm_hypergraph,Q-DOC07-FACT-008,grade>=2,1,1|1|0|1|0,0.0,0.0,0.0,0.0
chem_norm_hypergraph,Q-DOC07-FACT-009,grade>=2,1,1|1|0|1|1,0.0,0.0,0.0,0.0
chem_norm_hypergraph,Q-DOC07-FACT-010,grade>=2,1,1|1|1|1|1,0.0,0.0,0.0,0.0
chem_norm_hypergraph,Q-DOC07-FACT-011,grade>=2,1,1|1|0|1|0,0.0,0.0,0.0,0.0
chem_norm_hypergraph,Q-DOC07-FACT-012,grade>=2,1,1|1|0|1|0,0.0,0.0,0.0,0.0
chem_norm_hypergraph,Q-DOC08-FACT-001,grade>=2,0,0|1|0|1|0,0.0,0.0,0.0,0.0
chem_norm_hypergraph,Q-DOC08-FACT-002,grade>=2,1,1|1|0|0|1,0.0,0.0,0.0,0.0
chem_norm_hypergraph,Q-DOC08-FACT-003,grade>=2,0,0|0|0|0|0,0.0,0.0,0.0,0.0
chem_norm_hypergraph,Q-DOC08-FACT-004,grade>=2,0,0|0|1|1|1,0.0,0.0,0.0,0.0
chem_norm_hypergraph,Q-DOC08-FACT-005,grade>=2,0,0|0|1|0|0,0.0,0.0,0.0,0.0
chem_norm_hypergraph,Q-DOC08-FACT-006,grade>=2,0,0|0|0|0|0,0.0,0.0,0.0,0.0
chem_norm_hypergraph,Q-DOC08-FACT-007,grade>=2,0,0|0|0|1|0,0.0,0.0,0.0,0.0
chem_norm_hypergraph,Q-DOC08-FACT-008,grade>=2,1,1|1|1|1|0,0.0,0.0,0.0,0.0
chem_norm_hypergraph,Q-DOC08-FACT-009,grade>=2,0,0|1|1|0|0,0.0,0.0,0.0,0.0
chem_norm_hypergraph,Q-DOC08-FACT-010,grade>=2,0,0|0|1|0|0,0.0,0.0,0.0,0.0
chem_norm_hypergraph,Q-DOC08-FACT-011,grade>=2,0,0|0|0|0|0,0.0,0.0,0.0,0.0
chem_norm_hypergraph,Q-DOC08-FACT-012,grade>=2,0,0|0|0|0|0,0.0,0.0,0.0,0.0
chem_norm_hypergraph,Q-DOC09-FACT-001,grade>=2,1,1|0|1|0|1,0.0,0.0,0.0,0.0
chem_norm_hypergraph,Q-DOC09-FACT-002,grade>=2,0,0|0|0|0|0,0.0,0.0,0.0,0.0
chem_norm_hypergraph,Q-DOC09-FACT-003,grade>=2,1,1|0|1|0|0,0.0,0.0,0.0,0.0
chem_norm_hypergraph,Q-DOC09-FACT-004,grade>=2,0,0|0|0|0|0,0.0,0.0,0.0,0.0
chem_norm_hypergraph,Q-DOC09-FACT-005,grade>=2,1,1|0|1|0|0,0.0,0.0,0.0,0.0
chem_norm_hypergraph,Q-DOC09-FACT-006,grade>=2,1,1|0|1|0|0,0.0,0.0,0.0,0.0
chem_norm_hypergraph,Q-DOC09-FACT-007,grade>=2,0,0|0|0|0|0,0.0,0.0,0.0,0.0
chem_norm_hypergraph,Q-DOC09-FACT-008,grade>=2,0,0|0|0|0|0,0.0,0.0,0.0,0.0
chem_norm_hypergraph,Q-DOC09-FACT-009,grade>=2,1,1|0|0|0|0,0.0,0.0,0.0,0.0
chem_norm_hypergraph,Q-DOC09-FACT-010,grade>=2,1,1|1|1|1|1,0.0,0.0,0.0,0.0
chem_norm_hypergraph,Q-DOC09-FACT-011,grade>=2,0,0|0|0|0|0,0.0,0.0,0.0,0.0
chem_norm_hypergraph,Q-DOC09-FACT-012,grade>=2,0,0|0|0|0|0,0.0,0.0,0.0,0.0
chem_norm_hypergraph,Q-DOC09-FACT-013,grade>=2,1,1|0|0|0|0,0.0,0.0,0.0,0.0
chem_norm_hypergraph,Q-DOC09-FACT-014,grade>=2,0,0|0|0|0|0,0.0,0.0,0.0,0.0
chem_norm_hypergraph,Q-DOC09-FACT-015,grade>=2,1,1|1|0|0|0,0.0,0.0,0.0,0.0
chem_norm_hypergraph,Q-DOC10-FACT-001,grade>=2,1,1|1|0|1|1,0.0,0.0,0.0,0.0
chem_norm_hypergraph,Q-DOC10-FACT-002,grade>=2,1,1|1|1|1|0,0.0,0.0,0.0,0.0
chem_norm_hypergraph,Q-DOC10-FACT-003,grade>=2,1,1|1|1|0|0,0.0,0.0,0.0,0.0
chem_norm_hypergraph,Q-DOC10-FACT-004,grade>=2,1,1|0|0|0|1,0.0,0.0,0.0,0.0
chem_norm_hypergraph,Q-DOC10-FACT-005,grade>=2,0,0|0|0|0|0,0.0,0.0,0.0,0.0
chem_norm_hypergraph,Q-DOC10-FACT-006,grade>=2,1,1|0|0|0|0,0.0,0.0,0.0,0.0
chem_norm_hypergraph,Q-DOC10-FACT-007,grade>=2,1,1|1|0|1|1,0.0,0.0,0.0,0.0
chem_norm_hypergraph,Q-DOC10-FACT-008,grade>=2,1,1|1|1|0|0,0.0,0.0,0.0,0.0
chem_norm_hypergraph,Q-DOC10-FACT-009,grade>=2,1,1|0|1|0|1,0.0,0.0,0.0,0.0
chem_norm_hypergraph,Q-DOC10-FACT-010,grade>=2,0,0|0|0|0|0,0.0,0.0,0.0,0.0
chem_norm_hypergraph,Q-DOC10-FACT-011,grade>=2,1,1|1|1|1|1,0.0,0.0,0.0,0.0
chem_norm_hypergraph,Q-DOC10-FACT-012,grade>=2,0,0|0|0|0|0,0.0,0.0,0.0,0.0
chem_norm_hypergraph,Q-DOC10-FACT-013,grade>=2,1,1|1|2|1|1,0.0,1.0,0.333333,0.5
chem_norm_hypergraph,Q-DOC10-FACT-014,grade>=2,0,0|1|0|0|0,0.0,0.0,0.0,0.0
chem_norm_hypergraph,Q-DOC10-FACT-015,grade>=2,1,1|0|0|1|0,0.0,0.0,0.0,0.0
chem_norm_hypergraph,Q-DOC03-FACT-011,grade>=2,1,1|0|0|0|0,0.0,0.0,0.166667,0.0
chem_norm_hypergraph,Q-DOC03-FACT-012,grade>=2,1,1|0|0|0|0,0.0,0.0,0.0,0.0
chem_norm_hypergraph,Q-DOC03-FACT-013,grade>=2,1,1|1|1|0|0,0.0,0.0,0.0,0.0
chem_norm_hypergraph,Q-DOC03-FACT-014,grade>=2,2,2|1|1|1|0,1.0,1.0,1.0,0.613147
chem_norm_hypergraph,Q-DOC03-FACT-015,grade>=2,1,1|2|0|1|1,0.0,1.0,0.5,0.63093
chem_norm_hypergraph,Q-DOC04-FACT-011,grade>=2,1,1|0|0|1|1,0.0,0.0,0.0,0.0
chem_norm_hypergraph,Q-DOC04-FACT-012,grade>=2,1,1|0|0|0|0,0.0,0.0,0.0,0.0
chem_norm_hypergraph,Q-DOC04-FACT-013,grade>=2,1,1|1|1|0|1,0.0,0.0,0.0,0.0
chem_norm_hypergraph,Q-DOC04-FACT-014,grade>=2,1,1|1|1|1|1,0.0,0.0,0.0,0.0
chem_norm_hypergraph,Q-DOC04-FACT-015,grade>=2,1,1|0|1|0|0,0.0,0.0,0.0,0.0
chem_norm_hypergraph,Q-DOC05-FACT-009,grade>=2,1,1|1|0|1|1,0.0,0.0,0.0,0.0
chem_norm_hypergraph,Q-DOC05-FACT-010,grade>=2,1,1|1|1|0|1,0.0,0.0,0.0,0.0
chem_norm_hypergraph,Q-DOC05-FACT-011,grade>=2,1,1|1|1|0|1,0.0,0.0,0.0,0.0
chem_norm_hypergraph,Q-DOC05-FACT-012,grade>=2,1,1|1|0|1|1,0.0,0.0,0.0,0.0
chem_norm_hypergraph,Q-DOC05-FACT-013,grade>=2,1,1|2|1|1|1,0.0,1.0,0.5,0.386853
chem_norm_hypergraph,Q-DOC06-FACT-009,grade>=2,1,1|0|0|0|0,0.0,0.0,0.0,0.0
chem_norm_hypergraph,Q-DOC06-FACT-010,grade>=2,0,0|0|0|0|1,0.0,0.0,0.0,0.0
chem_norm_hypergraph,Q-DOC06-FACT-011,grade>=2,0,0|0|0|0|0,0.0,0.0,0.0,0.0
chem_norm_hypergraph,Q-DOC06-FACT-012,grade>=2,1,1|1|0|0|0,0.0,0.0,0.0,0.0
chem_norm_hypergraph,Q-DOC06-FACT-013,grade>=2,0,0|0|0|0|0,0.0,0.0,0.0,0.0
chem_norm_hypergraph,Q-DOC07-FACT-013,grade>=2,0,0|0|0|0|0,0.0,0.0,0.0,0.0
chem_norm_hypergraph,Q-DOC07-FACT-014,grade>=2,0,0|0|0|0|0,0.0,0.0,0.0,0.0
chem_norm_hypergraph,Q-DOC07-FACT-015,grade>=2,0,0|0|1|0|0,0.0,0.0,0.0,0.0
chem_norm_hypergraph,Q-DOC07-FACT-016,grade>=2,0,0|0|1|0|0,0.0,0.0,0.0,0.0
chem_norm_hypergraph,Q-DOC07-FACT-017,grade>=2,1,1|0|0|0|0,0.0,0.0,0.0,0.0
chem_norm_hypergraph,Q-DOC08-FACT-013,grade>=2,0,0|0|0|0|0,0.0,0.0,0.0,0.0
chem_norm_hypergraph,Q-DOC08-FACT-014,grade>=2,0,0|0|0|0|0,0.0,0.0,0.0,0.0
chem_norm_hypergraph,Q-DOC08-FACT-015,grade>=2,0,0|0|0|0|1,0.0,0.0,0.0,0.0
chem_norm_hypergraph,Q-DOC08-FACT-016,grade>=2,0,0|0|0|0|0,0.0,0.0,0.0,0.0
chem_norm_hypergraph,Q-DOC08-FACT-017,grade>=2,0,0|0|0|0|0,0.0,0.0,0.0,0.0
chem_norm_hypergraph,Q-DOC09-FACT-016,grade>=2,1,1|0|1|0|1,0.0,0.0,0.0,0.0
chem_norm_hypergraph,Q-DOC09-FACT-017,grade>=2,2,2|1|0|0|0,1.0,1.0,1.0,1.0
chem_norm_hypergraph,Q-DOC09-FACT-018,grade>=2,1,1|0|1|0|0,0.0,0.0,0.0,0.0
chem_norm_hypergraph,Q-DOC09-FACT-019,grade>=2,1,1|1|0|0|0,0.0,0.0,0.0,0.0
chem_norm_hypergraph,Q-DOC09-FACT-020,grade>=2,0,0|0|0|0|1,0.0,0.0,0.0,0.0
chem_norm_hypergraph,Q-DOC10-FACT-016,grade>=2,0,0|1|0|1|1,0.0,0.0,0.0,0.0
chem_norm_hypergraph,Q-DOC10-FACT-017,grade>=2,1,1|1|1|1|1,0.0,0.0,0.0,0.0
chem_norm_hypergraph,Q-DOC10-FACT-018,grade>=2,0,0|0|0|0|0,0.0,0.0,0.0,0.0
chem_norm_hypergraph,Q-DOC10-FACT-019,grade>=2,0,0|0|0|0|0,0.0,0.0,0.0,0.0
chem_norm_hypergraph,Q-DOC10-FACT-020,grade>=2,1,1|1|1|1|1,0.0,0.0,0.0,0.0
chem_prompt_graph,Q-DOC01-FACT-001,grade>=2,1,1|1|1|1|1,0.0,0.0,0.0,0.0
chem_prompt_graph,Q-DOC01-FACT-002,grade>=2,1,1|1|1|1|0,0.0,0.0,0.0,0.0
chem_prompt_graph,Q-DOC01-FACT-003,grade>=2,1,1|1|1|0|0,0.0,0.0,0.0,0.0
chem_prompt_graph,Q-DOC01-FACT-004,grade>=2,1,1|0|0|0|0,0.0,0.0,0.0,0.0
chem_prompt_graph,Q-DOC01-FACT-005,grade>=2,0,0|0|1|0|0,0.0,0.0,0.0,0.0
chem_prompt_graph,Q-DOC01-FACT-006,grade>=2,0,0|0|0|0|0,0.0,0.0,0.0,0.0
chem_prompt_graph,Q-DOC01-FACT-007,grade>=2,1,1|1|0|0|0,0.0,0.0,0.0,0.0
chem_prompt_graph,Q-DOC01-FACT-008,grade>=2,0,0|1|0|0|0,0.0,0.0,0.0,0.0
chem_prompt_graph,Q-DOC01-FACT-009,grade>=2,0,0|0|1|1|1,0.0,0.0,0.0,0.0
chem_prompt_graph,Q-DOC01-FACT-010,grade>=2,1,1|0|0|0|0,0.0,0.0,0.0,0.0
chem_prompt_graph,Q-DOC01-FACT-011,grade>=2,0,0|0|0|0|0,0.0,0.0,0.0,0.0
chem_prompt_graph,Q-DOC01-FACT-012,grade>=2,1,1|2|1|1|0,0.0,1.0,0.5,0.63093
chem_prompt_graph,Q-DOC01-FACT-013,grade>=2,1,1|1|0|0|0,0.0,0.0,0.0,0.0
chem_prompt_graph,Q-DOC01-FACT-014,grade>=2,0,0|0|1|1|1,0.0,0.0,0.0,0.0
chem_prompt_graph,Q-DOC01-FACT-015,grade>=2,1,1|1|0|0|0,0.0,0.0,0.0,0.0
chem_prompt_graph,Q-DOC01-FACT-016,grade>=2,1,1|1|1|1|0,0.0,0.0,0.0,0.0
chem_prompt_graph,Q-DOC01-FACT-017,grade>=2,1,1|1|0|0|0,0.0,0.0,0.0,0.0
chem_prompt_graph,Q-DOC01-FACT-018,grade>=2,1,1|1|0|0|0,0.0,0.0,0.0,0.0
chem_prompt_graph,Q-DOC01-FACT-019,grade>=2,1,1|1|1|1|1,0.0,0.0,0.0,0.0
chem_prompt_graph,Q-DOC01-FACT-020,grade>=2,1,1|1|1|1|1,0.0,0.0,0.0,0.0
chem_prompt_graph,Q-DOC01-FACT-021,grade>=2,0,0|0|0|0|0,0.0,0.0,0.0,0.0
chem_prompt_graph,Q-DOC01-FACT-022,grade>=2,0,0|0|0|0|0,0.0,0.0,0.0,0.0
chem_prompt_graph,Q-DOC01-FACT-023,grade>=2,1,1|1|1|1|1,0.0,0.0,0.0,0.0
chem_prompt_graph,Q-DOC01-FACT-024,grade>=2,1,1|1|1|0|0,0.0,0.0,0.0,0.0
chem_prompt_graph,Q-DOC01-FACT-025,grade>=2,0,0|0|0|0|0,0.0,0.0,0.0,0.0
chem_prompt_graph,Q-DOC02-FACT-001,grade>=2,0,0|0|0|0|0,0.0,0.0,0.0,0.0
chem_prompt_graph,Q-DOC02-FACT-002,grade>=2,0,0|0|0|0|0,0.0,0.0,0.0,0.0
chem_prompt_graph,Q-DOC02-FACT-003,grade>=2,1,1|1|0|0|0,0.0,0.0,0.0,0.0
chem_prompt_graph,Q-DOC02-FACT-004,grade>=2,0,0|0|0|0|0,0.0,0.0,0.0,0.0
chem_prompt_graph,Q-DOC02-FACT-005,grade>=2,0,0|0|0|0|0,0.0,0.0,0.0,0.0
chem_prompt_graph,Q-DOC02-FACT-006,grade>=2,0,0|0|0|0|1,0.0,0.0,0.0,0.0
chem_prompt_graph,Q-DOC02-FACT-007,grade>=2,1,1|0|0|0|0,0.0,0.0,0.0,0.0
chem_prompt_graph,Q-DOC02-FACT-008,grade>=2,1,1|0|0|0|0,0.0,0.0,0.0,0.0
chem_prompt_graph,Q-DOC02-FACT-009,grade>=2,0,0|0|0|0|0,0.0,0.0,0.0,0.0
chem_prompt_graph,Q-DOC02-FACT-010,grade>=2,0,0|1|0|0|0,0.0,0.0,0.0,0.0
chem_prompt_graph,Q-DOC02-FACT-011,grade>=2,0,0|0|0|0|0,0.0,0.0,0.0,0.0
chem_prompt_graph,Q-DOC02-FACT-012,grade>=2,0,0|0|0|0|0,0.0,0.0,0.0,0.0
chem_prompt_graph,Q-DOC02-FACT-013,grade>=2,1,1|1|0|0|0,0.0,0.0,0.0,0.0
chem_prompt_graph,Q-DOC02-FACT-014,grade>=2,0,0|0|0|1|0,0.0,0.0,0.0,0.0
chem_prompt_graph,Q-DOC02-FACT-015,grade>=2,1,1|0|0|0|0,0.0,0.0,0.0,0.0
chem_prompt_graph,Q-DOC02-FACT-016,grade>=2,0,0|0|0|0|0,0.0,0.0,0.0,0.0
chem_prompt_graph,Q-DOC02-FACT-017,grade>=2,1,1|1|0|0|0,0.0,0.0,0.0,0.0
chem_prompt_graph,Q-DOC02-FACT-018,grade>=2,1,1|1|0|0|0,0.0,0.0,0.0,0.0
chem_prompt_graph,Q-DOC02-FACT-019,grade>=2,0,0|0|0|0|0,0.0,0.0,0.0,0.0
chem_prompt_graph,Q-DOC02-FACT-020,grade>=2,0,0|0|0|0|0,0.0,0.0,0.0,0.0
chem_prompt_graph,Q-DOC02-FACT-021,grade>=2,0,0|0|0|0|0,0.0,0.0,0.0,0.0
chem_prompt_graph,Q-DOC02-FACT-022,grade>=2,0,0|0|0|0|0,0.0,0.0,0.0,0.0
chem_prompt_graph,Q-DOC02-FACT-023,grade>=2,1,1|1|1|0|0,0.0,0.0,0.0,0.0
chem_prompt_graph,Q-DOC02-FACT-024,grade>=2,0,0|0|0|0|0,0.0,0.0,0.0,0.0
chem_prompt_graph,Q-DOC02-FACT-025,grade>=2,0,0|0|0|0|0,0.0,0.0,0.0,0.0
chem_prompt_graph,Q-DOC03-FACT-001,grade>=2,1,1|1|0|1|0,0.0,0.0,0.0,0.0
chem_prompt_graph,Q-DOC03-FACT-002,grade>=2,0,0|0|1|0|1,0.0,0.0,0.0,0.0
chem_prompt_graph,Q-DOC03-FACT-003,grade>=2,1,1|1|1|0|0,0.0,0.0,0.0,0.0
chem_prompt_graph,Q-DOC03-FACT-004,grade>=2,0,0|0|0|0|0,0.0,0.0,0.0,0.0
chem_prompt_graph,Q-DOC03-FACT-005,grade>=2,0,0|0|0|0|0,0.0,0.0,0.0,0.0
chem_prompt_graph,Q-DOC03-FACT-006,grade>=2,0,0|0|0|0|0,0.0,0.0,0.0,0.0
chem_prompt_graph,Q-DOC03-FACT-007,grade>=2,0,0|0|0|0|0,0.0,0.0,0.0,0.0
chem_prompt_graph,Q-DOC03-FACT-008,grade>=2,0,0|0|0|0|0,0.0,0.0,0.0,0.0
chem_prompt_graph,Q-DOC03-FACT-009,grade>=2,0,0|0|0|0|0,0.0,0.0,0.0,0.0
chem_prompt_graph,Q-DOC03-FACT-010,grade>=2,0,0|0|0|0|0,0.0,0.0,0.0,0.0
chem_prompt_graph,Q-DOC04-FACT-001,grade>=2,1,1|1|0|0|0,0.0,0.0,0.0,0.0
chem_prompt_graph,Q-DOC04-FACT-002,grade>=2,1,1|0|0|0|0,0.0,0.0,0.0,0.0
chem_prompt_graph,Q-DOC04-FACT-003,grade>=2,0,0|0|0|0|0,0.0,0.0,0.0,0.0
chem_prompt_graph,Q-DOC04-FACT-004,grade>=2,1,1|0|0|0|1,0.0,0.0,0.0,0.0
chem_prompt_graph,Q-DOC04-FACT-005,grade>=2,1,1|1|0|0|0,0.0,0.0,0.0,0.0
chem_prompt_graph,Q-DOC04-FACT-006,grade>=2,1,1|0|0|1|0,0.0,0.0,0.0,0.0
chem_prompt_graph,Q-DOC04-FACT-007,grade>=2,1,1|0|0|0|0,0.0,0.0,0.0,0.0
chem_prompt_graph,Q-DOC04-FACT-008,grade>=2,1,1|1|1|1|0,0.0,0.0,0.0,0.0
chem_prompt_graph,Q-DOC04-FACT-009,grade>=2,1,1|0|0|0|0,0.0,0.0,0.0,0.0
chem_prompt_graph,Q-DOC04-FACT-010,grade>=2,0,0|0|1|0|0,0.0,0.0,0.0,0.0
chem_prompt_graph,Q-DOC05-FACT-001,grade>=2,1,1|0|0|0|0,0.0,0.0,0.0,0.0
chem_prompt_graph,Q-DOC05-FACT-002,grade>=2,1,1|1|0|0|0,0.0,0.0,0.0,0.0
chem_prompt_graph,Q-DOC05-FACT-003,grade>=2,1,1|1|0|0|0,0.0,0.0,0.0,0.0
chem_prompt_graph,Q-DOC05-FACT-004,grade>=2,0,0|0|0|0|0,0.0,0.0,0.0,0.0
chem_prompt_graph,Q-DOC05-FACT-005,grade>=2,1,1|0|0|0|0,0.0,0.0,0.0,0.0
chem_prompt_graph,Q-DOC05-FACT-006,grade>=2,0,0|0|0|0|0,0.0,0.0,0.0,0.0
chem_prompt_graph,Q-DOC05-FACT-007,grade>=2,1,1|0|0|0|0,0.0,0.0,0.0,0.0
chem_prompt_graph,Q-DOC05-FACT-008,grade>=2,0,0|0|1|0|0,0.0,0.0,0.0,0.0
chem_prompt_graph,Q-DOC06-FACT-001,grade>=2,0,0|0|0|0|0,0.0,0.0,0.0,0.0
chem_prompt_graph,Q-DOC06-FACT-002,grade>=2,0,0|0|0|1|0,0.0,0.0,0.0,0.0
chem_prompt_graph,Q-DOC06-FACT-003,grade>=2,0,0|0|0|0|0,0.0,0.0,0.0,0.0
chem_prompt_graph,Q-DOC06-FACT-004,grade>=2,1,1|0|0|0|0,0.0,0.0,0.0,0.0
chem_prompt_graph,Q-DOC06-FACT-005,grade>=2,0,0|0|0|0|0,0.0,0.0,0.0,0.0
chem_prompt_graph,Q-DOC06-FACT-006,grade>=2,0,0|0|0|0|0,0.0,0.0,0.0,0.0
chem_prompt_graph,Q-DOC06-FACT-007,grade>=2,0,0|1|1|0|0,0.0,0.0,0.0,0.0
chem_prompt_graph,Q-DOC06-FACT-008,grade>=2,0,0|0|0|1|1,0.0,0.0,0.0,0.0
chem_prompt_graph,Q-DOC07-FACT-001,grade>=2,1,1|0|1|0|1,0.0,0.0,0.0,0.0
chem_prompt_graph,Q-DOC07-FACT-002,grade>=2,1,1|0|1|0|1,0.0,0.0,0.0,0.0
chem_prompt_graph,Q-DOC07-FACT-003,grade>=2,0,0|0|1|1|0,0.0,0.0,0.0,0.0
chem_prompt_graph,Q-DOC07-FACT-004,grade>=2,0,0|0|1|0|0,0.0,0.0,0.0,0.0
chem_prompt_graph,Q-DOC07-FACT-005,grade>=2,0,0|0|0|0|0,0.0,0.0,0.0,0.0
chem_prompt_graph,Q-DOC07-FACT-006,grade>=2,0,0|0|1|0|0,0.0,0.0,0.0,0.0
chem_prompt_graph,Q-DOC07-FACT-007,grade>=2,1,1|0|0|0|0,0.0,0.0,0.0,0.0
chem_prompt_graph,Q-DOC07-FACT-008,grade>=2,0,0|0|1|0|0,0.0,0.0,0.0,0.0
chem_prompt_graph,Q-DOC07-FACT-009,grade>=2,1,1|0|0|0|0,0.0,0.0,0.0,0.0
chem_prompt_graph,Q-DOC07-FACT-010,grade>=2,0,0|0|0|0|0,0.0,0.0,0.0,0.0
chem_prompt_graph,Q-DOC07-FACT-011,grade>=2,0,0|0|0|0|0,0.0,0.0,0.0,0.0
chem_prompt_graph,Q-DOC07-FACT-012,grade>=2,0,0|0|0|1|0,0.0,0.0,0.0,0.0
chem_prompt_graph,Q-DOC08-FACT-001,grade>=2,0,0|0|0|0|0,0.0,0.0,0.0,0.0
chem_prompt_graph,Q-DOC08-FACT-002,grade>=2,0,0|0|0|0|0,0.0,0.0,0.0,0.0
chem_prompt_graph,Q-DOC08-FACT-003,grade>=2,0,0|0|0|0|0,0.0,0.0,0.0,0.0
chem_prompt_graph,Q-DOC08-FACT-004,grade>=2,0,0|0|0|0|0,0.0,0.0,0.0,0.0
chem_prompt_graph,Q-DOC08-FACT-005,grade>=2,0,0|0|1|0|0,0.0,0.0,0.0,0.0
chem_prompt_graph,Q-DOC08-FACT-006,grade>=2,0,0|0|0|0|0,0.0,0.0,0.0,0.0
chem_prompt_graph,Q-DOC08-FACT-007,grade>=2,1,1|0|0|0|0,0.0,0.0,0.0,0.0
chem_prompt_graph,Q-DOC08-FACT-008,grade>=2,1,1|1|1|1|0,0.0,0.0,0.0,0.0
chem_prompt_graph,Q-DOC08-FACT-009,grade>=2,0,0|0|0|0|0,0.0,0.0,0.0,0.0
chem_prompt_graph,Q-DOC08-FACT-010,grade>=2,0,0|0|0|0|0,0.0,0.0,0.0,0.0
chem_prompt_graph,Q-DOC08-FACT-011,grade>=2,0,0|0|0|0|0,0.0,0.0,0.0,0.0
chem_prompt_graph,Q-DOC08-FACT-012,grade>=2,0,0|0|0|0|0,0.0,0.0,0.0,0.0
chem_prompt_graph,Q-DOC09-FACT-001,grade>=2,1,1|1|1|1|0,0.0,0.0,0.0,0.0
chem_prompt_graph,Q-DOC09-FACT-002,grade>=2,1,1|1|0|1|1,0.0,0.0,0.0,0.0
chem_prompt_graph,Q-DOC09-FACT-003,grade>=2,0,0|0|1|0|0,0.0,0.0,0.0,0.0
chem_prompt_graph,Q-DOC09-FACT-004,grade>=2,1,1|1|0|0|0,0.0,0.0,0.0,0.0
chem_prompt_graph,Q-DOC09-FACT-005,grade>=2,0,0|1|0|0|1,0.0,0.0,0.0,0.0
chem_prompt_graph,Q-DOC09-FACT-006,grade>=2,0,0|0|0|0|0,0.0,0.0,0.0,0.0
chem_prompt_graph,Q-DOC09-FACT-007,grade>=2,0,0|0|0|0|0,0.0,0.0,0.0,0.0
chem_prompt_graph,Q-DOC09-FACT-008,grade>=2,1,1|2|1|1|0,0.0,1.0,0.5,0.63093
chem_prompt_graph,Q-DOC09-FACT-009,grade>=2,1,1|1|1|1|1,0.0,0.0,0.0,0.0
chem_prompt_graph,Q-DOC09-FACT-010,grade>=2,0,0|0|1|1|1,0.0,0.0,0.0,0.0
chem_prompt_graph,Q-DOC09-FACT-011,grade>=2,0,0|0|0|0|0,0.0,0.0,0.0,0.0
chem_prompt_graph,Q-DOC09-FACT-012,grade>=2,0,0|0|0|0|0,0.0,0.0,0.0,0.0
chem_prompt_graph,Q-DOC09-FACT-013,grade>=2,0,0|1|0|0|0,0.0,0.0,0.0,0.0
chem_prompt_graph,Q-DOC09-FACT-014,grade>=2,0,0|0|0|0|1,0.0,0.0,0.0,0.0
chem_prompt_graph,Q-DOC09-FACT-015,grade>=2,0,0|0|0|0|0,0.0,0.0,0.0,0.0
chem_prompt_graph,Q-DOC10-FACT-001,grade>=2,0,0|0|1|1|0,0.0,0.0,0.0,0.0
chem_prompt_graph,Q-DOC10-FACT-002,grade>=2,0,0|0|1|1|1,0.0,0.0,0.0,0.0
chem_prompt_graph,Q-DOC10-FACT-003,grade>=2,0,0|0|0|0|0,0.0,0.0,0.0,0.0
chem_prompt_graph,Q-DOC10-FACT-004,grade>=2,0,0|0|0|0|0,0.0,0.0,0.0,0.0
chem_prompt_graph,Q-DOC10-FACT-005,grade>=2,0,0|0|0|0|0,0.0,0.0,0.0,0.0
chem_prompt_graph,Q-DOC10-FACT-006,grade>=2,1,1|0|0|0|0,0.0,0.0,0.0,0.0
chem_prompt_graph,Q-DOC10-FACT-007,grade>=2,1,1|1|0|0|0,0.0,0.0,0.0,0.0
chem_prompt_graph,Q-DOC10-FACT-008,grade>=2,0,0|0|0|0|1,0.0,0.0,0.0,0.0
chem_prompt_graph,Q-DOC10-FACT-009,grade>=2,1,1|1|0|0|0,0.0,0.0,0.0,0.0
chem_prompt_graph,Q-DOC10-FACT-010,grade>=2,0,0|0|0|0|0,0.0,0.0,0.0,0.0
chem_prompt_graph,Q-DOC10-FACT-011,grade>=2,0,0|0|0|0|0,0.0,0.0,0.0,0.0
chem_prompt_graph,Q-DOC10-FACT-012,grade>=2,0,0|0|0|0|0,0.0,0.0,0.0,0.0
chem_prompt_graph,Q-DOC10-FACT-013,grade>=2,0,0|0|0|0|0,0.0,0.0,0.0,0.0
chem_prompt_graph,Q-DOC10-FACT-014,grade>=2,0,0|0|0|0|1,0.0,0.0,0.0,0.0
chem_prompt_graph,Q-DOC10-FACT-015,grade>=2,0,0|0|1|1|0,0.0,0.0,0.0,0.0
chem_prompt_graph,Q-DOC03-FACT-011,grade>=2,0,0|0|0|0|0,0.0,0.0,0.0,0.0
chem_prompt_graph,Q-DOC03-FACT-012,grade>=2,1,1|0|0|0|0,0.0,0.0,0.0,0.0
chem_prompt_graph,Q-DOC03-FACT-013,grade>=2,0,0|0|0|0|0,0.0,0.0,0.0,0.0
chem_prompt_graph,Q-DOC03-FACT-014,grade>=2,0,0|0|0|0|0,0.0,0.0,0.0,0.0
chem_prompt_graph,Q-DOC03-FACT-015,grade>=2,0,0|0|0|0|0,0.0,0.0,0.0,0.0
chem_prompt_graph,Q-DOC04-FACT-011,grade>=2,1,1|1|0|0|0,0.0,0.0,0.0,0.0
chem_prompt_graph,Q-DOC04-FACT-012,grade>=2,1,1|0|0|0|0,0.0,0.0,0.0,0.0
chem_prompt_graph,Q-DOC04-FACT-013,grade>=2,1,1|0|1|0|0,0.0,0.0,0.0,0.0
chem_prompt_graph,Q-DOC04-FACT-014,grade>=2,1,1|0|0|0|0,0.0,0.0,0.0,0.0
chem_prompt_graph,Q-DOC04-FACT-015,grade>=2,0,0|0|0|0|0,0.0,0.0,0.0,0.0
chem_prompt_graph,Q-DOC05-FACT-009,grade>=2,1,1|0|0|0|0,0.0,0.0,0.0,0.0
chem_prompt_graph,Q-DOC05-FACT-010,grade>=2,1,1|0|0|0|0,0.0,0.0,0.0,0.0
chem_prompt_graph,Q-DOC05-FACT-011,grade>=2,0,0|0|0|0|0,0.0,0.0,0.0,0.0
chem_prompt_graph,Q-DOC05-FACT-012,grade>=2,1,1|0|0|0|0,0.0,0.0,0.0,0.0
chem_prompt_graph,Q-DOC05-FACT-013,grade>=2,1,1|0|0|0|0,0.0,0.0,0.0,0.0
chem_prompt_graph,Q-DOC06-FACT-009,grade>=2,0,0|0|0|0|0,0.0,0.0,0.0,0.0
chem_prompt_graph,Q-DOC06-FACT-010,grade>=2,0,0|0|0|0|0,0.0,0.0,0.0,0.0
chem_prompt_graph,Q-DOC06-FACT-011,grade>=2,0,0|0|0|0|0,0.0,0.0,0.0,0.0
chem_prompt_graph,Q-DOC06-FACT-012,grade>=2,0,0|0|0|0|0,0.0,0.0,0.0,0.0
chem_prompt_graph,Q-DOC06-FACT-013,grade>=2,0,0|0|0|0|0,0.0,0.0,0.0,0.0
chem_prompt_graph,Q-DOC07-FACT-013,grade>=2,0,0|0|0|0|0,0.0,0.0,0.0,0.0
chem_prompt_graph,Q-DOC07-FACT-014,grade>=2,0,0|0|0|0|0,0.0,0.0,0.0,0.0
chem_prompt_graph,Q-DOC07-FACT-015,grade>=2,0,0|0|0|0|0,0.0,0.0,0.0,0.0
chem_prompt_graph,Q-DOC07-FACT-016,grade>=2,0,0|0|0|0|0,0.0,0.0,0.0,0.0
chem_prompt_graph,Q-DOC07-FACT-017,grade>=2,0,0|1|0|0|0,0.0,0.0,0.0,0.0
chem_prompt_graph,Q-DOC08-FACT-013,grade>=2,0,0|0|0|0|0,0.0,0.0,0.0,0.0
chem_prompt_graph,Q-DOC08-FACT-014,grade>=2,0,0|0|0|0|0,0.0,0.0,0.0,0.0
chem_prompt_graph,Q-DOC08-FACT-015,grade>=2,0,0|0|0|0|0,0.0,0.0,0.0,0.0
chem_prompt_graph,Q-DOC08-FACT-016,grade>=2,0,0|0|0|1|0,0.0,0.0,0.0,0.0
chem_prompt_graph,Q-DOC08-FACT-017,grade>=2,0,0|0|0|0|0,0.0,0.0,0.0,0.0
chem_prompt_graph,Q-DOC09-FACT-016,grade>=2,1,1|1|0|0|1,0.0,0.0,0.0,0.0
chem_prompt_graph,Q-DOC09-FACT-017,grade>=2,0,0|0|0|0|0,0.0,0.0,0.0,0.0
chem_prompt_graph,Q-DOC09-FACT-018,grade>=2,0,0|0|0|0|0,0.0,0.0,0.0,0.0
chem_prompt_graph,Q-DOC09-FACT-019,grade>=2,1,1|0|0|0|0,0.0,0.0,0.0,0.0
chem_prompt_graph,Q-DOC09-FACT-020,grade>=2,0,0|0|0|0|0,0.0,0.0,0.0,0.0
chem_prompt_graph,Q-DOC10-FACT-016,grade>=2,0,0|0|0|0|0,0.0,0.0,0.0,0.0
chem_prompt_graph,Q-DOC10-FACT-017,grade>=2,0,0|0|0|0|0,0.0,0.0,0.0,0.0
chem_prompt_graph,Q-DOC10-FACT-018,grade>=2,1,1|1|0|0|0,0.0,0.0,0.0,0.0
chem_prompt_graph,Q-DOC10-FACT-019,grade>=2,0,0|0|0|0|0,0.0,0.0,0.0,0.0
chem_prompt_graph,Q-DOC10-FACT-020,grade>=2,0,0|0|0|0|0,0.0,0.0,0.0,0.0
chem_prompt_hypergraph,Q-DOC01-FACT-001,grade>=2,1,1|1|1|1|1,0.0,0.0,0.0,0.0
chem_prompt_hypergraph,Q-DOC01-FACT-002,grade>=2,1,1|1|1|1|1,0.0,0.0,0.0,0.0
chem_prompt_hypergraph,Q-DOC01-FACT-003,grade>=2,1,1|1|0|1|1,0.0,0.0,0.0,0.0
chem_prompt_hypergraph,Q-DOC01-FACT-004,grade>=2,1,1|1|0|0|1,0.0,0.0,0.0,0.0
chem_prompt_hypergraph,Q-DOC01-FACT-005,grade>=2,0,0|1|1|0|1,0.0,0.0,0.0,0.0
chem_prompt_hypergraph,Q-DOC01-FACT-006,grade>=2,1,1|0|0|0|0,0.0,0.0,0.0,0.0
chem_prompt_hypergraph,Q-DOC01-FACT-007,grade>=2,1,1|1|1|1|0,0.0,0.0,0.0,0.0
chem_prompt_hypergraph,Q-DOC01-FACT-008,grade>=2,1,1|0|1|0|0,0.0,0.0,0.0,0.0
chem_prompt_hypergraph,Q-DOC01-FACT-009,grade>=2,0,0|0|1|1|0,0.0,0.0,0.0,0.0
chem_prompt_hypergraph,Q-DOC01-FACT-010,grade>=2,1,1|1|0|1|1,0.0,0.0,0.0,0.0
chem_prompt_hypergraph,Q-DOC01-FACT-011,grade>=2,1,1|1|0|1|1,0.0,0.0,0.0,0.0
chem_prompt_hypergraph,Q-DOC01-FACT-012,grade>=2,1,1|2|1|1|1,0.0,1.0,0.5,0.63093
chem_prompt_hypergraph,Q-DOC01-FACT-013,grade>=2,1,1|2|1|0|1,0.0,1.0,0.5,0.63093
chem_prompt_hypergraph,Q-DOC01-FACT-014,grade>=2,0,0|0|1|1|1,0.0,0.0,0.0,0.0
chem_prompt_hypergraph,Q-DOC01-FACT-015,grade>=2,1,1|1|1|1|1,0.0,0.0,0.0,0.0
chem_prompt_hypergraph,Q-DOC01-FACT-016,grade>=2,1,1|1|1|1|1,0.0,0.0,0.0,0.0
chem_prompt_hypergraph,Q-DOC01-FACT-017,grade>=2,1,1|1|1|1|1,0.0,0.0,0.0,0.0
chem_prompt_hypergraph,Q-DOC01-FACT-018,grade>=2,1,1|1|1|1|0,0.0,0.0,0.0,0.0
chem_prompt_hypergraph,Q-DOC01-FACT-019,grade>=2,2,2|1|1|1|1,1.0,1.0,1.0,1.0
chem_prompt_hypergraph,Q-DOC01-FACT-020,grade>=2,2,2|1|1|1|1,1.0,1.0,1.0,1.0
chem_prompt_hypergraph,Q-DOC01-FACT-021,grade>=2,0,0|1|0|0|0,0.0,0.0,0.0,0.0
chem_prompt_hypergraph,Q-DOC01-FACT-022,grade>=2,0,0|0|1|1|0,0.0,0.0,0.0,0.0
chem_prompt_hypergraph,Q-DOC01-FACT-023,grade>=2,1,1|1|1|1|1,0.0,0.0,0.0,0.0
chem_prompt_hypergraph,Q-DOC01-FACT-024,grade>=2,1,1|1|1|0|0,0.0,0.0,0.0,0.0
chem_prompt_hypergraph,Q-DOC01-FACT-025,grade>=2,1,1|0|1|0|0,0.0,0.0,0.0,0.0
chem_prompt_hypergraph,Q-DOC02-FACT-001,grade>=2,1,1|0|1|0|0,0.0,0.0,0.0,0.0
chem_prompt_hypergraph,Q-DOC02-FACT-002,grade>=2,1,1|1|0|0|0,0.0,0.0,0.0,0.0
chem_prompt_hypergraph,Q-DOC02-FACT-003,grade>=2,1,1|1|0|1|0,0.0,0.0,0.0,0.0
chem_prompt_hypergraph,Q-DOC02-FACT-004,grade>=2,1,1|1|0|0|0,0.0,0.0,0.0,0.0
chem_prompt_hypergraph,Q-DOC02-FACT-005,grade>=2,1,1|1|1|0|0,0.0,0.0,0.0,0.0
chem_prompt_hypergraph,Q-DOC02-FACT-006,grade>=2,0,0|1|0|1|0,0.0,0.0,0.0,0.0
chem_prompt_hypergraph,Q-DOC02-FACT-007,grade>=2,1,1|1|0|1|1,0.0,0.0,0.0,0.0
chem_prompt_hypergraph,Q-DOC02-FACT-008,grade>=2,1,1|1|0|1|1,0.0,0.0,0.0,0.0
chem_prompt_hypergraph,Q-DOC02-FACT-009,grade>=2,0,0|0|0|0|0,0.0,0.0,0.0,0.0
chem_prompt_hypergraph,Q-DOC02-FACT-010,grade>=2,0,0|1|1|0|0,0.0,0.0,0.0,0.0
chem_prompt_hypergraph,Q-DOC02-FACT-011,grade>=2,0,0|0|0|0|0,0.0,0.0,0.0,0.0
chem_prompt_hypergraph,Q-DOC02-FACT-012,grade>=2,0,0|0|0|0|0,0.0,0.0,0.0,0.0
chem_prompt_hypergraph,Q-DOC02-FACT-013,grade>=2,1,1|1|1|0|0,0.0,0.0,0.0,0.0
chem_prompt_hypergraph,Q-DOC02-FACT-014,grade>=2,2,2|1|1|0|1,1.0,1.0,1.0,1.0
chem_prompt_hypergraph,Q-DOC02-FACT-015,grade>=2,1,1|0|1|0|0,0.0,0.0,0.0,0.0
chem_prompt_hypergraph,Q-DOC02-FACT-016,grade>=2,0,0|0|0|0|0,0.0,0.0,0.0,0.0
chem_prompt_hypergraph,Q-DOC02-FACT-017,grade>=2,1,1|1|1|1|1,0.0,0.0,0.0,0.0
chem_prompt_hypergraph,Q-DOC02-FACT-018,grade>=2,1,1|0|1|0|1,0.0,0.0,0.0,0.0
chem_prompt_hypergraph,Q-DOC02-FACT-019,grade>=2,1,1|0|0|0|1,0.0,0.0,0.0,0.0
chem_prompt_hypergraph,Q-DOC02-FACT-020,grade>=2,0,0|1|0|0|1,0.0,0.0,0.0,0.0
chem_prompt_hypergraph,Q-DOC02-FACT-021,grade>=2,0,0|0|1|0|0,0.0,0.0,0.0,0.0
chem_prompt_hypergraph,Q-DOC02-FACT-022,grade>=2,0,0|0|0|0|0,0.0,0.0,0.0,0.0
chem_prompt_hypergraph,Q-DOC02-FACT-023,grade>=2,1,1|1|1|1|1,0.0,0.0,0.0,0.0
chem_prompt_hypergraph,Q-DOC02-FACT-024,grade>=2,0,0|0|0|0|0,0.0,0.0,0.0,0.0
chem_prompt_hypergraph,Q-DOC02-FACT-025,grade>=2,1,1|0|0|0|0,0.0,0.0,0.0,0.0
chem_prompt_hypergraph,Q-DOC03-FACT-001,grade>=2,1,1|1|1|0|1,0.0,0.0,0.0,0.0
chem_prompt_hypergraph,Q-DOC03-FACT-002,grade>=2,1,1|1|0|0|0,0.0,0.0,0.0,0.0
chem_prompt_hypergraph,Q-DOC03-FACT-003,grade>=2,1,1|1|1|1|0,0.0,0.0,0.0,0.0
chem_prompt_hypergraph,Q-DOC03-FACT-004,grade>=2,1,1|0|0|0|0,0.0,0.0,0.0,0.0
chem_prompt_hypergraph,Q-DOC03-FACT-005,grade>=2,0,0|1|1|0|0,0.0,0.0,0.0,0.0
chem_prompt_hypergraph,Q-DOC03-FACT-006,grade>=2,1,1|0|0|0|0,0.0,0.0,0.0,0.0
chem_prompt_hypergraph,Q-DOC03-FACT-007,grade>=2,1,1|0|0|0|0,0.0,0.0,0.0,0.0
chem_prompt_hypergraph,Q-DOC03-FACT-008,grade>=2,1,1|0|0|0|1,0.0,0.0,0.0,0.0
chem_prompt_hypergraph,Q-DOC03-FACT-009,grade>=2,0,0|1|0|1|1,0.0,0.0,0.0,0.0
chem_prompt_hypergraph,Q-DOC03-FACT-010,grade>=2,1,1|0|0|0|0,0.0,0.0,0.0,0.0
chem_prompt_hypergraph,Q-DOC04-FACT-001,grade>=2,1,1|1|1|0|1,0.0,0.0,0.0,0.0
chem_prompt_hypergraph,Q-DOC04-FACT-002,grade>=2,1,1|0|0|0|0,0.0,0.0,0.0,0.0
chem_prompt_hypergraph,Q-DOC04-FACT-003,grade>=2,1,1|0|0|0|0,0.0,0.0,0.0,0.0
chem_prompt_hypergraph,Q-DOC04-FACT-004,grade>=2,1,1|0|0|0|0,0.0,0.0,0.0,0.0
chem_prompt_hypergraph,Q-DOC04-FACT-005,grade>=2,0,0|1|1|1|0,0.0,0.0,0.0,0.0
chem_prompt_hypergraph,Q-DOC04-FACT-006,grade>=2,0,0|1|1|1|1,0.0,0.0,0.0,0.0
chem_prompt_hypergraph,Q-DOC04-FACT-007,grade>=2,1,1|1|0|0|0,0.0,0.0,0.0,0.0
chem_prompt_hypergraph,Q-DOC04-FACT-008,grade>=2,1,1|1|1|1|0,0.0,0.0,0.0,0.0
chem_prompt_hypergraph,Q-DOC04-FACT-009,grade>=2,1,1|1|1|0|1,0.0,0.0,0.0,0.0
chem_prompt_hypergraph,Q-DOC04-FACT-010,grade>=2,1,1|0|0|1|0,0.0,0.0,0.0,0.0
chem_prompt_hypergraph,Q-DOC05-FACT-001,grade>=2,1,1|1|1|1|1,0.0,0.0,0.0,0.0
chem_prompt_hypergraph,Q-DOC05-FACT-002,grade>=2,1,1|1|1|1|1,0.0,0.0,0.0,0.0
chem_prompt_hypergraph,Q-DOC05-FACT-003,grade>=2,1,1|1|1|1|0,0.0,0.0,0.0,0.0
chem_prompt_hypergraph,Q-DOC05-FACT-004,grade>=2,1,1|1|1|1|1,0.0,0.0,0.0,0.0
chem_prompt_hypergraph,Q-DOC05-FACT-005,grade>=2,1,1|1|1|0|0,0.0,0.0,0.0,0.0
chem_prompt_hypergraph,Q-DOC05-FACT-006,grade>=2,1,1|1|1|1|0,0.0,0.0,0.0,0.0
chem_prompt_hypergraph,Q-DOC05-FACT-007,grade>=2,1,1|1|1|1|0,0.0,0.0,0.0,0.0
chem_prompt_hypergraph,Q-DOC05-FACT-008,grade>=2,1,1|1|1|1|1,0.0,0.0,0.0,0.0
chem_prompt_hypergraph,Q-DOC06-FACT-001,grade>=2,0,0|1|0|0|1,0.0,0.0,0.0,0.0
chem_prompt_hypergraph,Q-DOC06-FACT-002,grade>=2,1,1|0|1|0|1,0.0,0.0,0.0,0.0
chem_prompt_hypergraph,Q-DOC06-FACT-003,grade>=2,1,1|0|1|0|0,0.0,0.0,0.0,0.0
chem_prompt_hypergraph,Q-DOC06-FACT-004,grade>=2,1,1|1|0|0|0,0.0,0.0,0.0,0.0
chem_prompt_hypergraph,Q-DOC06-FACT-005,grade>=2,1,1|0|0|0|0,0.0,0.0,0.0,0.0
chem_prompt_hypergraph,Q-DOC06-FACT-006,grade>=2,0,0|1|1|0|1,0.0,0.0,0.0,0.0
chem_prompt_hypergraph,Q-DOC06-FACT-007,grade>=2,1,1|1|1|0|0,0.0,0.0,0.0,0.0
chem_prompt_hypergraph,Q-DOC06-FACT-008,grade>=2,1,1|0|0|1|0,0.0,0.0,0.0,0.0
chem_prompt_hypergraph,Q-DOC07-FACT-001,grade>=2,1,1|1|0|1|1,0.0,0.0,0.0,0.0
chem_prompt_hypergraph,Q-DOC07-FACT-002,grade>=2,1,1|1|0|0|1,0.0,0.0,0.0,0.0
chem_prompt_hypergraph,Q-DOC07-FACT-003,grade>=2,1,1|0|1|0|0,0.0,0.0,0.0,0.0
chem_prompt_hypergraph,Q-DOC07-FACT-004,grade>=2,2,2|1|0|0|1,1.0,1.0,1.0,1.0
chem_prompt_hypergraph,Q-DOC07-FACT-005,grade>=2,1,1|0|0|0|0,0.0,0.0,0.0,0.0
chem_prompt_hypergraph,Q-DOC07-FACT-006,grade>=2,1,1|0|0|0|0,0.0,0.0,0.0,0.0
chem_prompt_hypergraph,Q-DOC07-FACT-007,grade>=2,1,1|1|1|0|0,0.0,0.0,0.0,0.0
chem_prompt_hypergraph,Q-DOC07-FACT-008,grade>=2,1,1|1|0|0|0,0.0,0.0,0.0,0.0
chem_prompt_hypergraph,Q-DOC07-FACT-009,grade>=2,1,1|1|1|1|0,0.0,0.0,0.0,0.0
chem_prompt_hypergraph,Q-DOC07-FACT-010,grade>=2,1,1|1|0|0|0,0.0,0.0,0.0,0.0
chem_prompt_hypergraph,Q-DOC07-FACT-011,grade>=2,1,1|0|0|0|1,0.0,0.0,0.0,0.0
chem_prompt_hypergraph,Q-DOC07-FACT-012,grade>=2,0,0|1|0|0|0,0.0,0.0,0.0,0.0
chem_prompt_hypergraph,Q-DOC08-FACT-001,grade>=2,0,0|0|1|0|0,0.0,0.0,0.0,0.0
chem_prompt_hypergraph,Q-DOC08-FACT-002,grade>=2,0,0|1|1|1|0,0.0,0.0,0.0,0.0
chem_prompt_hypergraph,Q-DOC08-FACT-003,grade>=2,0,0|1|0|0|1,0.0,0.0,0.0,0.0
chem_prompt_hypergraph,Q-DOC08-FACT-004,grade>=2,0,0|1|0|0|0,0.0,0.0,0.0,0.0
chem_prompt_hypergraph,Q-DOC08-FACT-005,grade>=2,0,0|0|0|0|0,0.0,0.0,0.0,0.0
chem_prompt_hypergraph,Q-DOC08-FACT-006,grade>=2,0,0|1|0|0|0,0.0,0.0,0.0,0.0
chem_prompt_hypergraph,Q-DOC08-FACT-007,grade>=2,1,1|1|0|0|0,0.0,0.0,0.0,0.0
chem_prompt_hypergraph,Q-DOC08-FACT-008,grade>=2,1,1|1|1|1|1,0.0,0.0,0.0,0.0
chem_prompt_hypergraph,Q-DOC08-FACT-009,grade>=2,0,0|1|0|1|0,0.0,0.0,0.0,0.0
chem_prompt_hypergraph,Q-DOC08-FACT-010,grade>=2,1,1|0|0|1|0,0.0,0.0,0.0,0.0
chem_prompt_hypergraph,Q-DOC08-FACT-011,grade>=2,0,0|0|0|0|0,0.0,0.0,0.0,0.0
chem_prompt_hypergraph,Q-DOC08-FACT-012,grade>=2,0,0|0|0|1|0,0.0,0.0,0.0,0.0
chem_prompt_hypergraph,Q-DOC09-FACT-001,grade>=2,1,1|1|1|1|1,0.0,0.0,0.0,0.0
chem_prompt_hypergraph,Q-DOC09-FACT-002,grade>=2,1,1|1|1|0|1,0.0,0.0,0.0,0.0
chem_prompt_hypergraph,Q-DOC09-FACT-003,grade>=2,0,0|1|1|0|0,0.0,0.0,0.0,0.0
chem_prompt_hypergraph,Q-DOC09-FACT-004,grade>=2,1,1|1|0|1|0,0.0,0.0,0.0,0.0
chem_prompt_hypergraph,Q-DOC09-FACT-005,grade>=2,0,0|1|0|0|1,0.0,0.0,0.0,0.0
chem_prompt_hypergraph,Q-DOC09-FACT-006,grade>=2,0,0|1|1|0|1,0.0,0.0,0.0,0.0
chem_prompt_hypergraph,Q-DOC09-FACT-007,grade>=2,0,0|0|1|0|0,0.0,0.0,0.0,0.0
chem_prompt_hypergraph,Q-DOC09-FACT-008,grade>=2,1,1|2|1|1|1,0.0,1.0,0.5,0.63093
chem_prompt_hypergraph,Q-DOC09-FACT-009,grade>=2,1,1|1|1|1|1,0.0,0.0,0.0,0.0
chem_prompt_hypergraph,Q-DOC09-FACT-010,grade>=2,1,1|0|1|1|1,0.0,0.0,0.0,0.0
chem_prompt_hypergraph,Q-DOC09-FACT-011,grade>=2,0,0|0|0|0|0,0.0,0.0,0.0,0.0
chem_prompt_hypergraph,Q-DOC09-FACT-012,grade>=2,0,0|0|0|0|0,0.0,0.0,0.0,0.0
chem_prompt_hypergraph,Q-DOC09-FACT-013,grade>=2,1,1|0|1|1|0,0.0,0.0,0.0,0.0
chem_prompt_hypergraph,Q-DOC09-FACT-014,grade>=2,0,0|0|0|0|1,0.0,0.0,0.0,0.0
chem_prompt_hypergraph,Q-DOC09-FACT-015,grade>=2,1,1|1|0|0|0,0.0,0.0,0.0,0.0
chem_prompt_hypergraph,Q-DOC10-FACT-001,grade>=2,1,1|0|0|1|1,0.0,0.0,0.0,0.0
chem_prompt_hypergraph,Q-DOC10-FACT-002,grade>=2,1,1|0|1|1|0,0.0,0.0,0.0,0.0
chem_prompt_hypergraph,Q-DOC10-FACT-003,grade>=2,1,1|0|0|0|0,0.0,0.0,0.0,0.0
chem_prompt_hypergraph,Q-DOC10-FACT-004,grade>=2,1,1|0|0|1|0,0.0,0.0,0.0,0.0
chem_prompt_hypergraph,Q-DOC10-FACT-005,grade>=2,1,1|1|0|1|0,0.0,0.0,0.0,0.0
chem_prompt_hypergraph,Q-DOC10-FACT-006,grade>=2,1,1|1|1|0|0,0.0,0.0,0.0,0.0
chem_prompt_hypergraph,Q-DOC10-FACT-007,grade>=2,2,2|1|0|1|1,1.0,1.0,1.0,1.0
chem_prompt_hypergraph,Q-DOC10-FACT-008,grade>=2,2,2|1|0|0|1,1.0,1.0,1.0,1.0
chem_prompt_hypergraph,Q-DOC10-FACT-009,grade>=2,1,1|1|1|1|1,0.0,0.0,0.0,0.0
chem_prompt_hypergraph,Q-DOC10-FACT-010,grade>=2,0,0|0|0|0|0,0.0,0.0,0.0,0.0
chem_prompt_hypergraph,Q-DOC10-FACT-011,grade>=2,1,1|0|0|1|1,0.0,0.0,0.0,0.0
chem_prompt_hypergraph,Q-DOC10-FACT-012,grade>=2,1,1|1|0|0|0,0.0,0.0,0.0,0.0
chem_prompt_hypergraph,Q-DOC10-FACT-013,grade>=2,2,2|0|0|0|1,1.0,1.0,1.0,1.0
chem_prompt_hypergraph,Q-DOC10-FACT-014,grade>=2,1,1|0|0|0|0,0.0,0.0,0.0,0.0
chem_prompt_hypergraph,Q-DOC10-FACT-015,grade>=2,0,0|0|0|0|1,0.0,0.0,0.0,0.0
chem_prompt_hypergraph,Q-DOC03-FACT-011,grade>=2,0,0|0|0|1|0,0.0,0.0,0.0,0.0
chem_prompt_hypergraph,Q-DOC03-FACT-012,grade>=2,1,1|1|0|1|1,0.0,0.0,0.0,0.0
chem_prompt_hypergraph,Q-DOC03-FACT-013,grade>=2,1,1|0|0|0|0,0.0,0.0,0.0,0.0
chem_prompt_hypergraph,Q-DOC03-FACT-014,grade>=2,0,0|1|0|0|0,0.0,0.0,0.0,0.0
chem_prompt_hypergraph,Q-DOC03-FACT-015,grade>=2,1,1|0|0|0|0,0.0,0.0,0.0,0.0
chem_prompt_hypergraph,Q-DOC04-FACT-011,grade>=2,1,1|1|0|1|1,0.0,0.0,0.0,0.0
chem_prompt_hypergraph,Q-DOC04-FACT-012,grade>=2,1,1|1|0|1|0,0.0,0.0,0.0,0.0
chem_prompt_hypergraph,Q-DOC04-FACT-013,grade>=2,1,1|1|1|1|1,0.0,0.0,0.0,0.0
chem_prompt_hypergraph,Q-DOC04-FACT-014,grade>=2,1,1|0|1|0|0,0.0,0.0,0.0,0.0
chem_prompt_hypergraph,Q-DOC04-FACT-015,grade>=2,1,1|1|0|0|1,0.0,0.0,0.0,0.0
chem_prompt_hypergraph,Q-DOC05-FACT-009,grade>=2,1,1|1|1|0|1,0.0,0.0,0.0,0.0
chem_prompt_hypergraph,Q-DOC05-FACT-010,grade>=2,1,1|1|0|0|0,0.0,0.0,0.0,0.0
chem_prompt_hypergraph,Q-DOC05-FACT-011,grade>=2,1,1|1|1|1|0,0.0,0.0,0.0,0.0
chem_prompt_hypergraph,Q-DOC05-FACT-012,grade>=2,1,1|1|1|0|0,0.0,0.0,0.0,0.0
chem_prompt_hypergraph,Q-DOC05-FACT-013,grade>=2,1,1|1|0|0|0,0.0,0.0,0.0,0.0
chem_prompt_hypergraph,Q-DOC06-FACT-009,grade>=2,1,1|0|0|0|0,0.0,0.0,0.0,0.0
chem_prompt_hypergraph,Q-DOC06-FACT-010,grade>=2,0,0|0|0|0|0,0.0,0.0,0.0,0.0
chem_prompt_hypergraph,Q-DOC06-FACT-011,grade>=2,0,0|0|0|0|0,0.0,0.0,0.0,0.0
chem_prompt_hypergraph,Q-DOC06-FACT-012,grade>=2,1,1|0|1|0|0,0.0,0.0,0.0,0.0
chem_prompt_hypergraph,Q-DOC06-FACT-013,grade>=2,1,1|0|0|0|0,0.0,0.0,0.0,0.0
chem_prompt_hypergraph,Q-DOC07-FACT-013,grade>=2,0,0|0|1|0|0,0.0,0.0,0.0,0.0
chem_prompt_hypergraph,Q-DOC07-FACT-014,grade>=2,0,0|0|0|0|0,0.0,0.0,0.0,0.0
chem_prompt_hypergraph,Q-DOC07-FACT-015,grade>=2,0,0|1|0|0|0,0.0,0.0,0.0,0.0
chem_prompt_hypergraph,Q-DOC07-FACT-016,grade>=2,0,0|0|0|0|1,0.0,0.0,0.0,0.0
chem_prompt_hypergraph,Q-DOC07-FACT-017,grade>=2,1,1|0|1|0|1,0.0,0.0,0.0,0.0
chem_prompt_hypergraph,Q-DOC08-FACT-013,grade>=2,0,0|0|0|0|0,0.0,0.0,0.0,0.0
chem_prompt_hypergraph,Q-DOC08-FACT-014,grade>=2,0,0|0|1|0|0,0.0,0.0,0.0,0.0
chem_prompt_hypergraph,Q-DOC08-FACT-015,grade>=2,0,0|0|0|0|0,0.0,0.0,0.0,0.0
chem_prompt_hypergraph,Q-DOC08-FACT-016,grade>=2,0,0|0|0|0|0,0.0,0.0,0.0,0.0
chem_prompt_hypergraph,Q-DOC08-FACT-017,grade>=2,0,0|0|0|0|0,0.0,0.0,0.0,0.0
chem_prompt_hypergraph,Q-DOC09-FACT-016,grade>=2,1,1|0|1|0|0,0.0,0.0,0.0,0.0
chem_prompt_hypergraph,Q-DOC09-FACT-017,grade>=2,1,1|0|1|1|0,0.0,0.0,0.0,0.0
chem_prompt_hypergraph,Q-DOC09-FACT-018,grade>=2,0,0|0|0|0|0,0.0,0.0,0.0,0.0
chem_prompt_hypergraph,Q-DOC09-FACT-019,grade>=2,1,1|1|0|0|0,0.0,0.0,0.0,0.0
chem_prompt_hypergraph,Q-DOC09-FACT-020,grade>=2,0,0|0|0|1|0,0.0,0.0,0.0,0.0
chem_prompt_hypergraph,Q-DOC10-FACT-016,grade>=2,1,1|1|1|1|0,0.0,0.0,0.0,0.0
chem_prompt_hypergraph,Q-DOC10-FACT-017,grade>=2,1,1|1|0|0|0,0.0,0.0,0.0,0.0
chem_prompt_hypergraph,Q-DOC10-FACT-018,grade>=2,1,1|1|1|1|1,0.0,0.0,0.0,0.0
chem_prompt_hypergraph,Q-DOC10-FACT-019,grade>=2,0,0|0|0|0|0,0.0,0.0,0.0,0.0
chem_prompt_hypergraph,Q-DOC10-FACT-020,grade>=2,1,1|1|1|1|1,0.0,0.0,0.0,0.0
original_hypergraph,Q-DOC01-FACT-001,grade>=2,2,2|1|1|1|1,1.0,1.0,1.0,1.0
original_hypergraph,Q-DOC01-FACT-002,grade>=2,1,1|1|1|1|1,0.0,0.0,0.0,0.0
original_hypergraph,Q-DOC01-FACT-003,grade>=2,1,1|1|1|1|1,0.0,0.0,0.0,0.0
original_hypergraph,Q-DOC01-FACT-004,grade>=2,1,1|1|1|1|1,0.0,0.0,0.0,0.0
original_hypergraph,Q-DOC01-FACT-005,grade>=2,1,1|1|1|1|1,0.0,0.0,0.0,0.0
original_hypergraph,Q-DOC01-FACT-006,grade>=2,1,1|1|1|1|1,0.0,0.0,0.0,0.0
original_hypergraph,Q-DOC01-FACT-007,grade>=2,3,3|2|2|1|1,1.0,1.0,1.0,0.809068
original_hypergraph,Q-DOC01-FACT-008,grade>=2,0,0|0|0|0|1,0.0,0.0,0.0,0.0
original_hypergraph,Q-DOC01-FACT-009,grade>=2,0,0|1|1|1|1,0.0,0.0,0.0,0.0
original_hypergraph,Q-DOC01-FACT-010,grade>=2,0,0|1|1|1|1,0.0,0.0,0.0,0.0
original_hypergraph,Q-DOC01-FACT-011,grade>=2,1,1|1|1|1|1,0.0,0.0,0.0,0.0
original_hypergraph,Q-DOC01-FACT-012,grade>=2,1,1|1|1|1|1,0.0,0.0,0.0,0.0
original_hypergraph,Q-DOC01-FACT-013,grade>=2,0,0|0|0|0|0,0.0,0.0,0.0,0.0
original_hypergraph,Q-DOC01-FACT-014,grade>=2,2,2|0|1|1|1,1.0,1.0,1.0,1.0
original_hypergraph,Q-DOC01-FACT-015,grade>=2,1,1|1|2|1|1,0.0,1.0,0.333333,0.5
original_hypergraph,Q-DOC01-FACT-016,grade>=2,1,1|1|1|1|1,0.0,0.0,0.0,0.0
original_hypergraph,Q-DOC01-FACT-017,grade>=2,1,1|1|1|1|1,0.0,0.0,0.0,0.0
original_hypergraph,Q-DOC01-FACT-018,grade>=2,1,1|1|1|1|0,0.0,0.0,0.0,0.0
original_hypergraph,Q-DOC01-FACT-019,grade>=2,1,1|1|1|1|1,0.0,0.0,0.0,0.0
original_hypergraph,Q-DOC01-FACT-020,grade>=2,1,1|1|1|1|1,0.0,0.0,0.0,0.0
original_hypergraph,Q-DOC01-FACT-021,grade>=2,0,0|1|1|1|1,0.0,0.0,0.0,0.0
original_hypergraph,Q-DOC01-FACT-022,grade>=2,1,1|0|1|1|1,0.0,0.0,0.0,0.0
original_hypergraph,Q-DOC01-FACT-023,grade>=2,1,1|1|1|1|1,0.0,0.0,0.0,0.0
original_hypergraph,Q-DOC01-FACT-024,grade>=2,2,2|1|1|1|1,1.0,1.0,1.0,1.0
original_hypergraph,Q-DOC01-FACT-025,grade>=2,0,0|1|1|0|1,0.0,0.0,0.0,0.0
original_hypergraph,Q-DOC02-FACT-001,grade>=2,1,1|0|0|0|0,0.0,0.0,0.0,0.0
original_hypergraph,Q-DOC02-FACT-002,grade>=2,1,1|0|0|0|0,0.0,0.0,0.0,0.0
original_hypergraph,Q-DOC02-FACT-003,grade>=2,2,2|1|1|0|1,1.0,1.0,1.0,1.0
original_hypergraph,Q-DOC02-FACT-004,grade>=2,1,1|0|0|0|0,0.0,0.0,0.0,0.0
original_hypergraph,Q-DOC02-FACT-005,grade>=2,1,1|1|1|0|0,0.0,0.0,0.0,0.0
original_hypergraph,Q-DOC02-FACT-006,grade>=2,0,0|0|1|0|1,0.0,0.0,0.0,0.0
original_hypergraph,Q-DOC02-FACT-007,grade>=2,1,1|0|1|1|1,0.0,0.0,0.0,0.0
original_hypergraph,Q-DOC02-FACT-008,grade>=2,1,1|1|1|1|1,0.0,0.0,0.0,0.0
original_hypergraph,Q-DOC02-FACT-009,grade>=2,0,0|0|0|0|0,0.0,0.0,0.0,0.0
original_hypergraph,Q-DOC02-FACT-010,grade>=2,0,0|0|0|0|1,0.0,0.0,0.0,0.0
original_hypergraph,Q-DOC02-FACT-011,grade>=2,0,0|0|0|0|0,0.0,0.0,0.0,0.0
original_hypergraph,Q-DOC02-FACT-012,grade>=2,0,0|0|0|0|0,0.0,0.0,0.0,0.0
original_hypergraph,Q-DOC02-FACT-013,grade>=2,1,1|1|1|1|1,0.0,0.0,0.0,0.0
original_hypergraph,Q-DOC02-FACT-014,grade>=2,1,1|1|1|1|1,0.0,0.0,0.0,0.0
original_hypergraph,Q-DOC02-FACT-015,grade>=2,0,0|0|0|0|0,0.0,0.0,0.0,0.0
original_hypergraph,Q-DOC02-FACT-016,grade>=2,0,0|0|0|0|0,0.0,0.0,0.0,0.0
original_hypergraph,Q-DOC02-FACT-017,grade>=2,1,1|1|1|1|1,0.0,0.0,0.0,0.0
original_hypergraph,Q-DOC02-FACT-018,grade>=2,1,1|1|1|1|1,0.0,0.0,0.0,0.0
original_hypergraph,Q-DOC02-FACT-019,grade>=2,1,1|1|1|0|0,0.0,0.0,0.0,0.0
original_hypergraph,Q-DOC02-FACT-020,grade>=2,1,1|1|1|0|0,0.0,0.0,0.0,0.0
original_hypergraph,Q-DOC02-FACT-021,grade>=2,0,0|0|0|0|1,0.0,0.0,0.0,0.0
original_hypergraph,Q-DOC02-FACT-022,grade>=2,0,0|0|0|0|0,0.0,0.0,0.0,0.0
original_hypergraph,Q-DOC02-FACT-023,grade>=2,1,1|1|1|1|1,0.0,0.0,0.0,0.0
original_hypergraph,Q-DOC02-FACT-024,grade>=2,0,0|0|0|0|0,0.0,0.0,0.0,0.0
original_hypergraph,Q-DOC02-FACT-025,grade>=2,0,0|1|0|1|0,0.0,0.0,0.0,0.0
original_hypergraph,Q-DOC03-FACT-001,grade>=2,1,1|0|0|1|0,0.0,0.0,0.0,0.0
original_hypergraph,Q-DOC03-FACT-002,grade>=2,1,1|1|1|0|1,0.0,0.0,0.0,0.0
original_hypergraph,Q-DOC03-FACT-003,grade>=2,1,1|1|1|0|1,0.0,0.0,0.0,0.0
original_hypergraph,Q-DOC03-FACT-004,grade>=2,1,1|0|0|0|0,0.0,0.0,0.0,0.0
original_hypergraph,Q-DOC03-FACT-005,grade>=2,1,1|0|0|0|0,0.0,0.0,0.0,0.0
original_hypergraph,Q-DOC03-FACT-006,grade>=2,1,1|1|0|0|0,0.0,0.0,0.0,0.0
original_hypergraph,Q-DOC03-FACT-007,grade>=2,1,1|1|1|1|0,0.0,0.0,0.0,0.0
original_hypergraph,Q-DOC03-FACT-008,grade>=2,0,0|0|0|0|1,0.0,0.0,0.0,0.0
original_hypergraph,Q-DOC03-FACT-009,grade>=2,1,1|1|1|0|1,0.0,0.0,0.0,0.0
original_hypergraph,Q-DOC03-FACT-010,grade>=2,1,1|0|0|0|0,0.0,0.0,0.0,0.0
original_hypergraph,Q-DOC04-FACT-001,grade>=2,1,1|0|0|0|0,0.0,0.0,0.0,0.0
original_hypergraph,Q-DOC04-FACT-002,grade>=2,1,1|1|1|1|1,0.0,0.0,0.0,0.0
original_hypergraph,Q-DOC04-FACT-003,grade>=2,2,2|1|0|0|0,1.0,1.0,1.0,1.0
original_hypergraph,Q-DOC04-FACT-004,grade>=2,1,1|1|1|0|0,0.0,0.0,0.0,0.0
original_hypergraph,Q-DOC04-FACT-005,grade>=2,1,1|1|1|1|1,0.0,0.0,0.0,0.0
original_hypergraph,Q-DOC04-FACT-006,grade>=2,1,1|1|1|1|1,0.0,0.0,0.0,0.0
original_hypergraph,Q-DOC04-FACT-007,grade>=2,1,1|1|0|1|0,0.0,0.0,0.0,0.0
original_hypergraph,Q-DOC04-FACT-008,grade>=2,0,0|0|1|0|0,0.0,0.0,0.0,0.0
original_hypergraph,Q-DOC04-FACT-009,grade>=2,1,1|1|1|0|0,0.0,0.0,0.0,0.0
original_hypergraph,Q-DOC04-FACT-010,grade>=2,0,0|0|1|1|1,0.0,0.0,0.0,0.0
original_hypergraph,Q-DOC05-FACT-001,grade>=2,1,1|1|1|1|1,0.0,0.0,0.0,0.0
original_hypergraph,Q-DOC05-FACT-002,grade>=2,1,1|0|0|1|0,0.0,0.0,0.0,0.0
original_hypergraph,Q-DOC05-FACT-003,grade>=2,1,1|0|0|1|0,0.0,0.0,0.0,0.0
original_hypergraph,Q-DOC05-FACT-004,grade>=2,2,2|1|1|1|1,1.0,1.0,1.0,1.0
original_hypergraph,Q-DOC05-FACT-005,grade>=2,1,1|1|1|1|1,0.0,0.0,0.0,0.0
original_hypergraph,Q-DOC05-FACT-006,grade>=2,1,1|1|1|1|1,0.0,0.0,0.0,0.0
original_hypergraph,Q-DOC05-FACT-007,grade>=2,1,1|1|0|0|1,0.0,0.0,0.0,0.0
original_hypergraph,Q-DOC05-FACT-008,grade>=2,1,1|1|1|1|1,0.0,0.0,0.0,0.0
original_hypergraph,Q-DOC06-FACT-001,grade>=2,1,1|1|0|0|0,0.0,0.0,0.0,0.0
original_hypergraph,Q-DOC06-FACT-002,grade>=2,1,1|1|0|0|0,0.0,0.0,0.0,0.0
original_hypergraph,Q-DOC06-FACT-003,grade>=2,0,0|1|0|0|0,0.0,0.0,0.0,0.0
original_hypergraph,Q-DOC06-FACT-004,grade>=2,0,0|0|0|0|0,0.0,0.0,0.0,0.0
original_hypergraph,Q-DOC06-FACT-005,grade>=2,1,1|0|1|0|0,0.0,0.0,0.0,0.0
original_hypergraph,Q-DOC06-FACT-006,grade>=2,1,1|1|0|1|0,0.0,0.0,0.0,0.0
original_hypergraph,Q-DOC06-FACT-007,grade>=2,0,0|1|1|1|0,0.0,0.0,0.0,0.0
original_hypergraph,Q-DOC06-FACT-008,grade>=2,1,1|1|1|0|0,0.0,0.0,0.0,0.0
original_hypergraph,Q-DOC07-FACT-001,grade>=2,1,1|1|1|1|1,0.0,0.0,0.0,0.0
original_hypergraph,Q-DOC07-FACT-002,grade>=2,1,1|1|1|1|1,0.0,0.0,0.0,0.0
original_hypergraph,Q-DOC07-FACT-003,grade>=2,1,1|1|1|1|1,0.0,0.0,0.0,0.0
original_hypergraph,Q-DOC07-FACT-004,grade>=2,1,1|1|1|1|1,0.0,0.0,0.0,0.0
original_hypergraph,Q-DOC07-FACT-005,grade>=2,1,1|2|0|1|0,0.0,1.0,0.5,0.63093
original_hypergraph,Q-DOC07-FACT-006,grade>=2,1,1|1|0|0|0,0.0,0.0,0.0,0.0
original_hypergraph,Q-DOC07-FACT-007,grade>=2,0,0|0|1|1|1,0.0,0.0,0.0,0.0
original_hypergraph,Q-DOC07-FACT-008,grade>=2,1,1|1|1|1|1,0.0,0.0,0.0,0.0
original_hypergraph,Q-DOC07-FACT-009,grade>=2,0,0|0|1|1|1,0.0,0.0,0.0,0.0
original_hypergraph,Q-DOC07-FACT-010,grade>=2,1,1|0|1|0|1,0.0,0.0,0.0,0.0
original_hypergraph,Q-DOC07-FACT-011,grade>=2,0,0|0|0|1|1,0.0,0.0,0.0,0.0
original_hypergraph,Q-DOC07-FACT-012,grade>=2,1,1|0|1|0|0,0.0,0.0,0.0,0.0
original_hypergraph,Q-DOC08-FACT-001,grade>=2,1,1|1|1|1|0,0.0,0.0,0.0,0.0
original_hypergraph,Q-DOC08-FACT-002,grade>=2,0,0|1|1|1|1,0.0,0.0,0.0,0.0
original_hypergraph,Q-DOC08-FACT-003,grade>=2,0,0|1|1|1|1,0.0,0.0,0.0,0.0
original_hypergraph,Q-DOC08-FACT-004,grade>=2,0,0|1|1|1|0,0.0,0.0,0.0,0.0
original_hypergraph,Q-DOC08-FACT-005,grade>=2,0,0|0|0|1|1,0.0,0.0,0.0,0.0
original_hypergraph,Q-DOC08-FACT-006,grade>=2,0,0|1|0|0|1,0.0,0.0,0.0,0.0
original_hypergraph,Q-DOC08-FACT-007,grade>=2,1,1|1|0|1|0,0.0,0.0,0.0,0.0
original_hypergraph,Q-DOC08-FACT-008,grade>=2,1,1|1|0|0|0,0.0,0.0,0.0,0.0
original_hypergraph,Q-DOC08-FACT-009,grade>=2,0,0|1|1|1|1,0.0,0.0,0.0,0.0
original_hypergraph,Q-DOC08-FACT-010,grade>=2,0,0|0|1|1|0,0.0,0.0,0.0,0.0
original_hypergraph,Q-DOC08-FACT-011,grade>=2,0,0|0|0|0|1,0.0,0.0,0.0,0.0
original_hypergraph,Q-DOC08-FACT-012,grade>=2,1,1|1|0|0|0,0.0,0.0,0.0,0.0
original_hypergraph,Q-DOC09-FACT-001,grade>=2,1,1|1|1|1|1,0.0,0.0,0.0,0.0
original_hypergraph,Q-DOC09-FACT-002,grade>=2,1,1|1|1|1|0,0.0,0.0,0.0,0.0
original_hypergraph,Q-DOC09-FACT-003,grade>=2,1,1|1|0|0|0,0.0,0.0,0.0,0.0
original_hypergraph,Q-DOC09-FACT-004,grade>=2,0,0|0|0|0|0,0.0,0.0,0.0,0.0
original_hypergraph,Q-DOC09-FACT-005,grade>=2,1,1|1|0|1|1,0.0,0.0,0.0,0.0
original_hypergraph,Q-DOC09-FACT-006,grade>=2,0,0|1|0|0|0,0.0,0.0,0.0,0.0
original_hypergraph,Q-DOC09-FACT-007,grade>=2,0,0|1|1|0|0,0.0,0.0,0.0,0.0
original_hypergraph,Q-DOC09-FACT-008,grade>=2,1,1|1|1|1|0,0.0,0.0,0.0,0.0
original_hypergraph,Q-DOC09-FACT-009,grade>=2,1,1|0|1|0|1,0.0,0.0,0.0,0.0
original_hypergraph,Q-DOC09-FACT-010,grade>=2,1,1|1|0|0|1,0.0,0.0,0.0,0.0
original_hypergraph,Q-DOC09-FACT-011,grade>=2,0,0|0|0|0|0,0.0,0.0,0.0,0.0
original_hypergraph,Q-DOC09-FACT-012,grade>=2,1,1|0|0|0|0,0.0,0.0,0.0,0.0
original_hypergraph,Q-DOC09-FACT-013,grade>=2,0,0|1|0|0|0,0.0,0.0,0.0,0.0
original_hypergraph,Q-DOC09-FACT-014,grade>=2,1,1|1|0|0|0,0.0,0.0,0.0,0.0
original_hypergraph,Q-DOC09-FACT-015,grade>=2,1,1|1|1|0|0,0.0,0.0,0.0,0.0
original_hypergraph,Q-DOC10-FACT-001,grade>=2,1,1|1|1|1|1,0.0,0.0,0.0,0.0
original_hypergraph,Q-DOC10-FACT-002,grade>=2,1,1|1|1|1|0,0.0,0.0,0.0,0.0
original_hypergraph,Q-DOC10-FACT-003,grade>=2,1,1|0|1|0|0,0.0,0.0,0.0,0.0
original_hypergraph,Q-DOC10-FACT-004,grade>=2,1,1|1|0|1|1,0.0,0.0,0.0,0.0
original_hypergraph,Q-DOC10-FACT-005,grade>=2,1,1|1|1|0|1,0.0,0.0,0.0,0.0
original_hypergraph,Q-DOC10-FACT-006,grade>=2,2,2|1|1|1|1,1.0,1.0,1.0,1.0
original_hypergraph,Q-DOC10-FACT-007,grade>=2,1,1|1|0|0|1,0.0,0.0,0.0,0.0
original_hypergraph,Q-DOC10-FACT-008,grade>=2,1,1|0|1|1|1,0.0,0.0,0.0,0.0
original_hypergraph,Q-DOC10-FACT-009,grade>=2,1,1|1|1|0|1,0.0,0.0,0.0,0.0
original_hypergraph,Q-DOC10-FACT-010,grade>=2,0,0|1|1|0|0,0.0,0.0,0.0,0.0
original_hypergraph,Q-DOC10-FACT-011,grade>=2,2,2|2|1|1|1,1.0,1.0,1.0,1.0
original_hypergraph,Q-DOC10-FACT-012,grade>=2,1,1|1|1|1|1,0.0,0.0,0.0,0.0
original_hypergraph,Q-DOC10-FACT-013,grade>=2,2,2|2|2|2|2,1.0,1.0,1.0,1.0
original_hypergraph,Q-DOC10-FACT-014,grade>=2,1,1|1|1|1|1,0.0,0.0,0.0,0.0
original_hypergraph,Q-DOC10-FACT-015,grade>=2,1,1|0|0|1|1,0.0,0.0,0.0,0.0
original_hypergraph,Q-DOC03-FACT-011,grade>=2,1,1|1|0|0|0,0.0,0.0,0.0,0.0
original_hypergraph,Q-DOC03-FACT-012,grade>=2,1,1|0|0|0|0,0.0,0.0,0.0,0.0
original_hypergraph,Q-DOC03-FACT-013,grade>=2,1,1|0|1|0|1,0.0,0.0,0.0,0.0
original_hypergraph,Q-DOC03-FACT-014,grade>=2,1,1|1|1|0|1,0.0,0.0,0.0,0.0
original_hypergraph,Q-DOC03-FACT-015,grade>=2,0,0|0|0|0|0,0.0,0.0,0.0,0.0
original_hypergraph,Q-DOC04-FACT-011,grade>=2,1,1|0|0|0|0,0.0,0.0,0.0,0.0
original_hypergraph,Q-DOC04-FACT-012,grade>=2,1,1|1|1|0|0,0.0,0.0,0.0,0.0
original_hypergraph,Q-DOC04-FACT-013,grade>=2,0,0|0|1|1|0,0.0,0.0,0.0,0.0
original_hypergraph,Q-DOC04-FACT-014,grade>=2,1,1|1|1|1|1,0.0,0.0,0.0,0.0
original_hypergraph,Q-DOC04-FACT-015,grade>=2,0,0|1|0|0|0,0.0,0.0,0.0,0.0
original_hypergraph,Q-DOC05-FACT-009,grade>=2,1,1|1|1|1|1,0.0,0.0,0.0,0.0
original_hypergraph,Q-DOC05-FACT-010,grade>=2,0,0|0|0|1|1,0.0,0.0,0.0,0.0
original_hypergraph,Q-DOC05-FACT-011,grade>=2,1,1|1|1|1|1,0.0,0.0,0.0,0.0
original_hypergraph,Q-DOC05-FACT-012,grade>=2,1,1|1|1|1|1,0.0,0.0,0.0,0.0
original_hypergraph,Q-DOC05-FACT-013,grade>=2,0,0|1|0|1|0,0.0,0.0,0.0,0.0
original_hypergraph,Q-DOC06-FACT-009,grade>=2,1,1|0|0|0|0,0.0,0.0,0.0,0.0
original_hypergraph,Q-DOC06-FACT-010,grade>=2,0,0|0|0|0|0,0.0,0.0,0.0,0.0
original_hypergraph,Q-DOC06-FACT-011,grade>=2,0,0|0|0|0|0,0.0,0.0,0.0,0.0
original_hypergraph,Q-DOC06-FACT-012,grade>=2,1,1|1|0|1|0,0.0,0.0,0.0,0.0
original_hypergraph,Q-DOC06-FACT-013,grade>=2,0,0|0|0|0|0,0.0,0.0,0.0,0.0
original_hypergraph,Q-DOC07-FACT-013,grade>=2,1,1|0|0|0|0,0.0,0.0,0.0,0.0
original_hypergraph,Q-DOC07-FACT-014,grade>=2,1,1|0|0|0|0,0.0,0.0,0.0,0.0
original_hypergraph,Q-DOC07-FACT-015,grade>=2,1,1|0|0|0|0,0.0,0.0,0.0,0.0
original_hypergraph,Q-DOC07-FACT-016,grade>=2,0,0|1|0|0|0,0.0,0.0,0.0,0.0
original_hypergraph,Q-DOC07-FACT-017,grade>=2,0,0|1|1|0|1,0.0,0.0,0.0,0.0
original_hypergraph,Q-DOC08-FACT-013,grade>=2,0,0|0|1|0|0,0.0,0.0,0.0,0.0
original_hypergraph,Q-DOC08-FACT-014,grade>=2,0,0|0|0|0|0,0.0,0.0,0.0,0.0
original_hypergraph,Q-DOC08-FACT-015,grade>=2,0,0|0|0|0|0,0.0,0.0,0.0,0.0
original_hypergraph,Q-DOC08-FACT-016,grade>=2,0,0|0|1|0|0,0.0,0.0,0.0,0.0
original_hypergraph,Q-DOC08-FACT-017,grade>=2,0,0|0|0|0|0,0.0,0.0,0.0,0.0
original_hypergraph,Q-DOC09-FACT-016,grade>=2,0,0|0|0|0|0,0.0,0.0,0.0,0.0
original_hypergraph,Q-DOC09-FACT-017,grade>=2,1,1|0|0|0|0,0.0,0.0,0.0,0.0
original_hypergraph,Q-DOC09-FACT-018,grade>=2,0,0|0|0|0|0,0.0,0.0,0.0,0.0
original_hypergraph,Q-DOC09-FACT-019,grade>=2,1,1|0|0|0|0,0.0,0.0,0.0,0.0
original_hypergraph,Q-DOC09-FACT-020,grade>=2,0,0|0|0|0|0,0.0,0.0,0.0,0.0
original_hypergraph,Q-DOC10-FACT-016,grade>=2,1,1|0|0|0|0,0.0,0.0,0.0,0.0
original_hypergraph,Q-DOC10-FACT-017,grade>=2,1,1|0|1|1|1,0.0,0.0,0.0,0.0
original_hypergraph,Q-DOC10-FACT-018,grade>=2,1,1|1|1|1|1,0.0,0.0,0.0,0.0
original_hypergraph,Q-DOC10-FACT-019,grade>=2,0,0|0|1|1|0,0.0,0.0,0.0,0.0
original_hypergraph,Q-DOC10-FACT-020,grade>=2,1,1|1|1|1|1,0.0,0.0,0.0,0.0
text_segments,Q-DOC01-FACT-001,grade>=2,2,2|1|2|1|1,1.0,1.0,1.0,0.919721
text_segments,Q-DOC01-FACT-002,grade>=2,2,2|1|2|1|1,1.0,1.0,1.0,0.919721
text_segments,Q-DOC01-FACT-003,grade>=2,2,2|2|2|1|2,1.0,1.0,1.0,0.853932
text_segments,Q-DOC01-FACT-004,grade>=2,1,1|2|2|1|1,0.0,1.0,0.5,0.693426
text_segments,Q-DOC01-FACT-005,grade>=2,2,2|2|2|2|1,1.0,1.0,1.0,0.868795
text_segments,Q-DOC01-FACT-006,grade>=2,1,1|3|2|1|1,0.0,1.0,0.5,0.665315
text_segments,Q-DOC01-FACT-007,grade>=2,3,3|2|2|2|1,1.0,1.0,1.0,0.909652
text_segments,Q-DOC01-FACT-008,grade>=2,2,2|2|2|2|2,1.0,1.0,1.0,1.0
text_segments,Q-DOC01-FACT-009,grade>=2,2,2|2|2|1|2,1.0,1.0,1.0,0.853932
text_segments,Q-DOC01-FACT-010,grade>=2,3,3|3|3|2|2,1.0,1.0,1.0,1.0
text_segments,Q-DOC01-FACT-011,grade>=2,2,2|2|2|2|1,1.0,1.0,1.0,0.868795
text_segments,Q-DOC01-FACT-012,grade>=2,2,2|2|2|1|2,1.0,1.0,1.0,0.853932
text_segments,Q-DOC01-FACT-013,grade>=2,2,2|1|1|1|1,1.0,1.0,1.0,0.33916
text_segments,Q-DOC01-FACT-014,grade>=2,2,2|2|2|2|2,1.0,1.0,1.0,1.0
text_segments,Q-DOC01-FACT-015,grade>=2,3,3|2|3|2|2,1.0,1.0,1.0,0.965924
text_segments,Q-DOC01-FACT-016,grade>=2,1,1|2|1|1|0,0.0,1.0,0.5,0.63093
text_segments,Q-DOC01-FACT-017,grade>=2,2,2|2|2|2|2,1.0,1.0,1.0,1.0
text_segments,Q-DOC01-FACT-018,grade>=2,2,2|2|2|2|2,1.0,1.0,1.0,1.0
text_segments,Q-DOC01-FACT-019,grade>=2,2,2|1|1|1|1,1.0,1.0,1.0,1.0
text_segments,Q-DOC01-FACT-020,grade>=2,2,2|1|1|1|1,1.0,1.0,1.0,1.0
text_segments,Q-DOC01-FACT-021,grade>=2,2,2|1|2|1|1,1.0,1.0,1.0,0.919721
text_segments,Q-DOC01-FACT-022,grade>=2,2,2|1|2|1|1,1.0,1.0,1.0,0.919721
text_segments,Q-DOC01-FACT-023,grade>=2,2,2|2|2|1|1,1.0,1.0,1.0,0.722727
text_segments,Q-DOC01-FACT-024,grade>=2,2,2|1|1|1|1,1.0,1.0,1.0,1.0
text_segments,Q-DOC01-FACT-025,grade>=2,2,2|1|2|1|1,1.0,1.0,1.0,0.919721
text_segments,Q-DOC02-FACT-001,grade>=2,2,2|0|1|0|0,1.0,1.0,1.0,1.0
text_segments,Q-DOC02-FACT-002,grade>=2,1,1|1|1|1|1,0.0,0.0,0.0,0.0
text_segments,Q-DOC02-FACT-003,grade>=2,2,2|0|0|1|0,1.0,1.0,1.0,1.0
text_segments,Q-DOC02-FACT-004,grade>=2,1,1|1|1|1|0,0.0,0.0,0.0,0.0
text_segments,Q-DOC02-FACT-005,grade>=2,1,1|1|1|1|1,0.0,0.0,0.0,0.0
text_segments,Q-DOC02-FACT-006,grade>=2,1,1|1|1|1|1,0.0,0.0,0.0,0.0
text_segments,Q-DOC02-FACT-007,grade>=2,1,1|1|1|1|1,0.0,0.0,0.0,0.0
text_segments,Q-DOC02-FACT-008,grade>=2,1,1|1|1|1|1,0.0,0.0,0.0,0.0
text_segments,Q-DOC02-FACT-009,grade>=2,1,1|1|1|1|1,0.0,0.0,0.0,0.0
text_segments,Q-DOC02-FACT-010,grade>=2,2,2|2|2|2|2,1.0,1.0,1.0,1.0
text_segments,Q-DOC02-FACT-011,grade>=2,1,1|1|1|0|1,0.0,0.0,0.0,0.0
text_segments,Q-DOC02-FACT-012,grade>=2,1,1|1|1|1|1,0.0,0.0,0.0,0.0
text_segments,Q-DOC02-FACT-013,grade>=2,2,2|1|1|1|1,1.0,1.0,1.0,1.0
text_segments,Q-DOC02-FACT-014,grade>=2,2,2|1|1|1|1,1.0,1.0,1.0,0.613147
text_segments,Q-DOC02-FACT-015,grade>=2,1,1|0|1|1|1,0.0,0.0,0.0,0.0
text_segments,Q-DOC02-FACT-016,grade>=2,1,1|1|1|1|1,0.0,0.0,0.0,0.0
text_segments,Q-DOC02-FACT-017,grade>=2,2,2|1|1|1|1,1.0,1.0,1.0,1.0
text_segments,Q-DOC02-FACT-018,grade>=2,2,2|1|0|1|0,1.0,1.0,1.0,1.0
text_segments,Q-DOC02-FACT-019,grade>=2,1,1|1|1|1|0,0.0,0.0,0.0,0.0
text_segments,Q-DOC02-FACT-020,grade>=2,1,1|1|1|1|1,0.0,0.0,0.0,0.0
text_segments,Q-DOC02-FACT-021,grade>=2,1,1|1|1|1|1,0.0,0.0,0.0,0.0
text_segments,Q-DOC02-FACT-022,grade>=2,1,1|1|0|1|1,0.0,0.0,0.0,0.0
text_segments,Q-DOC02-FACT-023,grade>=2,1,1|1|1|1|1,0.0,0.0,0.0,0.0
text_segments,Q-DOC02-FACT-024,grade>=2,2,2|1|0|0|1,1.0,1.0,1.0,1.0
text_segments,Q-DOC02-FACT-025,grade>=2,1,1|1|1|1|0,0.0,0.0,0.0,0.0
text_segments,Q-DOC03-FACT-001,grade>=2,2,2|1|1|1|1,1.0,1.0,1.0,1.0
text_segments,Q-DOC03-FACT-002,grade>=2,2,2|1|1|1|1,1.0,1.0,1.0,1.0
text_segments,Q-DOC03-FACT-003,grade>=2,2,2|1|1|0|0,1.0,1.0,1.0,1.0
text_segments,Q-DOC03-FACT-004,grade>=2,2,2|1|1|1|1,1.0,1.0,1.0,1.0
text_segments,Q-DOC03-FACT-005,grade>=2,2,2|1|1|1|1,1.0,1.0,1.0,1.0
text_segments,Q-DOC03-FACT-006,grade>=2,2,2|1|1|1|0,1.0,1.0,1.0,1.0
text_segments,Q-DOC03-FACT-007,grade>=2,1,1|1|1|1|1,0.0,0.0,0.0,0.0
text_segments,Q-DOC03-FACT-008,grade>=2,1,1|1|1|1|1,0.0,0.0,0.0,0.0
text_segments,Q-DOC03-FACT-009,grade>=2,2,2|1|1|1|1,1.0,1.0,1.0,1.0
text_segments,Q-DOC03-FACT-010,grade>=2,1,1|1|1|1|1,0.0,0.0,0.0,0.0
text_segments,Q-DOC04-FACT-001,grade>=2,1,1|1|1|1|2,0.0,1.0,0.2,0.386853
text_segments,Q-DOC04-FACT-002,grade>=2,1,1|1|1|1|1,0.0,0.0,0.0,0.0
text_segments,Q-DOC04-FACT-003,grade>=2,1,1|1|1|1|2,0.0,1.0,0.2,0.181542
text_segments,Q-DOC04-FACT-004,grade>=2,2,2|1|3|1|1,1.0,1.0,1.0,0.625434
text_segments,Q-DOC04-FACT-005,grade>=2,2,2|1|2|1|2,1.0,1.0,1.0,0.73659
text_segments,Q-DOC04-FACT-006,grade>=2,1,1|2|1|1|2,0.0,1.0,0.5,0.477624
text_segments,Q-DOC04-FACT-007,grade>=2,2,2|1|1|2|3,1.0,1.0,1.0,0.673544
text_segments,Q-DOC04-FACT-008,grade>=2,1,1|2|1|1|1,0.0,1.0,0.5,0.63093
text_segments,Q-DOC04-FACT-009,grade>=2,1,1|1|2|1|1,0.0,1.0,0.333333,0.306574
text_segments,Q-DOC04-FACT-010,grade>=2,1,1|1|1|1|1,0.0,0.0,0.142857,0.0
text_segments,Q-DOC05-FACT-001,grade>=2,2,2|2|2|2|1,1.0,1.0,1.0,0.868795
text_segments,Q-DOC05-FACT-002,grade>=2,2,2|2|2|2|1,1.0,1.0,1.0,0.868795
text_segments,Q-DOC05-FACT-003,grade>=2,2,2|2|2|1|1,1.0,1.0,1.0,0.831872
text_segments,Q-DOC05-FACT-004,grade>=2,2,2|1|1|2|1,1.0,1.0,1.0,0.671386
text_segments,Q-DOC05-FACT-005,grade>=2,3,3|2|2|1|2,1.0,1.0,1.0,0.899417
text_segments,Q-DOC05-FACT-006,grade>=2,2,2|1|1|1|1,1.0,1.0,1.0,1.0
text_segments,Q-DOC05-FACT-007,grade>=2,3,3|2|2|1|2,1.0,1.0,1.0,0.899417
text_segments,Q-DOC05-FACT-008,grade>=2,2,2|1|1|1|1,1.0,1.0,1.0,1.0
text_segments,Q-DOC06-FACT-001,grade>=2,2,2|1|1|1|1,1.0,1.0,1.0,1.0
text_segments,Q-DOC06-FACT-002,grade>=2,2,2|2|1|1|1,1.0,1.0,1.0,1.0
text_segments,Q-DOC06-FACT-003,grade>=2,2,2|2|1|1|1,1.0,1.0,1.0,1.0
text_segments,Q-DOC06-FACT-004,grade>=2,2,2|1|0|0|0,1.0,1.0,1.0,1.0
text_segments,Q-DOC06-FACT-005,grade>=2,2,2|1|1|1|1,1.0,1.0,1.0,1.0
text_segments,Q-DOC06-FACT-006,grade>=2,2,2|1|0|1|0,1.0,1.0,1.0,1.0
text_segments,Q-DOC06-FACT-007,grade>=2,2,2|1|0|0|0,1.0,1.0,1.0,1.0
text_segments,Q-DOC06-FACT-008,grade>=2,2,2|2|1|1|1,1.0,1.0,1.0,1.0
text_segments,Q-DOC07-FACT-001,grade>=2,3,3|1|1|1|1,1.0,1.0,1.0,1.0
text_segments,Q-DOC07-FACT-002,grade>=2,3,3|1|1|1|1,1.0,1.0,1.0,1.0
text_segments,Q-DOC07-FACT-003,grade>=2,2,2|1|1|1|1,1.0,1.0,1.0,1.0
text_segments,Q-DOC07-FACT-004,grade>=2,3,3|1|1|1|1,1.0,1.0,1.0,1.0
text_segments,Q-DOC07-FACT-005,grade>=2,3,3|1|1|1|1,1.0,1.0,1.0,1.0
text_segments,Q-DOC07-FACT-006,grade>=2,3,3|1|1|1|1,1.0,1.0,1.0,1.0
text_segments,Q-DOC07-FACT-007,grade>=2,2,2|1|1|1|1,1.0,1.0,1.0,1.0
text_segments,Q-DOC07-FACT-008,grade>=2,2,2|1|1|1|1,1.0,1.0,1.0,1.0
text_segments,Q-DOC07-FACT-009,grade>=2,2,2|1|0|1|1,1.0,1.0,1.0,1.0
text_segments,Q-DOC07-FACT-010,grade>=2,3,3|1|1|1|1,1.0,1.0,1.0,1.0
text_segments,Q-DOC07-FACT-011,grade>=2,2,2|1|1|1|1,1.0,1.0,1.0,1.0
text_segments,Q-DOC07-FACT-012,grade>=2,2,2|1|1|1|0,1.0,1.0,1.0,1.0
text_segments,Q-DOC08-FACT-001,grade>=2,2,2|1|1|1|1,1.0,1.0,1.0,1.0
text_segments,Q-DOC08-FACT-002,grade>=2,2,2|1|1|1|1,1.0,1.0,1.0,1.0
text_segments,Q-DOC08-FACT-003,grade>=2,2,2|1|1|1|1,1.0,1.0,1.0,1.0
text_segments,Q-DOC08-FACT-004,grade>=2,2,2|1|1|1|1,1.0,1.0,1.0,1.0
text_segments,Q-DOC08-FACT-005,grade>=2,3,3|0|0|1|0,1.0,1.0,1.0,1.0
text_segments,Q-DOC08-FACT-006,grade>=2,2,2|1|1|1|1,1.0,1.0,1.0,1.0
text_segments,Q-DOC08-FACT-007,grade>=2,2,2|1|0|1|1,1.0,1.0,1.0,1.0
text_segments,Q-DOC08-FACT-008,grade>=2,2,2|1|0|1|1,1.0,1.0,1.0,1.0
text_segments,Q-DOC08-FACT-009,grade>=2,2,2|1|1|1|1,1.0,1.0,1.0,1.0
text_segments,Q-DOC08-FACT-010,grade>=2,2,2|0|1|1|1,1.0,1.0,1.0,1.0
text_segments,Q-DOC08-FACT-011,grade>=2,3,3|0|1|1|1,1.0,1.0,1.0,1.0
text_segments,Q-DOC08-FACT-012,grade>=2,2,2|1|0|0|0,1.0,1.0,1.0,1.0
text_segments,Q-DOC09-FACT-001,grade>=2,1,1|2|2|2|1,0.0,1.0,0.5,0.732829
text_segments,Q-DOC09-FACT-002,grade>=2,1,1|1|1|1|2,0.0,1.0,0.2,0.386853
text_segments,Q-DOC09-FACT-003,grade>=2,2,2|2|1|1|1,1.0,1.0,1.0,1.0
text_segments,Q-DOC09-FACT-004,grade>=2,1,1|1|1|0|1,0.0,0.0,0.0,0.0
text_segments,Q-DOC09-FACT-005,grade>=2,1,1|1|3|2|1,0.0,1.0,0.333333,0.538867
text_segments,Q-DOC09-FACT-006,grade>=2,2,2|1|1|1|1,1.0,1.0,1.0,1.0
text_segments,Q-DOC09-FACT-007,grade>=2,1,1|2|1|0|1,0.0,1.0,0.5,0.63093
text_segments,Q-DOC09-FACT-008,grade>=2,1,1|1|1|2|2,0.0,1.0,0.25,0.501266
text_segments,Q-DOC09-FACT-009,grade>=2,2,2|1|1|1|1,1.0,1.0,1.0,1.0
text_segments,Q-DOC09-FACT-010,grade>=2,1,1|2|1|3|1,0.0,1.0,0.5,0.551854
text_segments,Q-DOC09-FACT-011,grade>=2,1,1|2|1|1|1,0.0,1.0,0.5,0.63093
text_segments,Q-DOC09-FACT-012,grade>=2,1,1|2|1|1|1,0.0,1.0,0.5,0.63093
text_segments,Q-DOC09-FACT-013,grade>=2,0,0|1|2|1|0,0.0,1.0,0.333333,0.5
text_segments,Q-DOC09-FACT-014,grade>=2,2,2|1|1|1|1,1.0,1.0,1.0,1.0
text_segments,Q-DOC09-FACT-015,grade>=2,2,2|1|1|1|1,1.0,1.0,1.0,1.0
text_segments,Q-DOC10-FACT-001,grade>=2,2,2|2|2|2|2,1.0,1.0,1.0,1.0
text_segments,Q-DOC10-FACT-002,grade>=2,2,2|2|1|1|1,1.0,1.0,1.0,1.0
text_segments,Q-DOC10-FACT-003,grade>=2,1,1|1|1|1|1,0.0,0.0,0.0,0.0
text_segments,Q-DOC10-FACT-004,grade>=2,1,1|1|1|1|1,0.0,0.0,0.0,0.0
text_segments,Q-DOC10-FACT-005,grade>=2,2,2|1|1|1|1,1.0,1.0,1.0,1.0
text_segments,Q-DOC10-FACT-006,grade>=2,2,2|1|1|1|1,1.0,1.0,1.0,1.0
text_segments,Q-DOC10-FACT-007,grade>=2,2,2|2|1|1|2,1.0,1.0,1.0,0.787702
text_segments,Q-DOC10-FACT-008,grade>=2,2,2|1|1|1|1,1.0,1.0,1.0,1.0
text_segments,Q-DOC10-FACT-009,grade>=2,2,2|2|1|1|0,1.0,1.0,1.0,1.0
text_segments,Q-DOC10-FACT-010,grade>=2,1,1|1|0|1|0,0.0,0.0,0.0,0.0
text_segments,Q-DOC10-FACT-011,grade>=2,2,2|1|2|1|1,1.0,1.0,1.0,0.919721
text_segments,Q-DOC10-FACT-012,grade>=2,1,1|1|1|1|1,0.0,0.0,0.0,0.0
text_segments,Q-DOC10-FACT-013,grade>=2,1,1|2|1|2|1,0.0,1.0,0.5,0.650921
text_segments,Q-DOC10-FACT-014,grade>=2,2,2|1|1|0|1,1.0,1.0,1.0,1.0
text_segments,Q-DOC10-FACT-015,grade>=2,2,2|1|1|1|1,1.0,1.0,1.0,1.0
text_segments,Q-DOC03-FACT-011,grade>=2,2,2|1|1|1|1,1.0,1.0,1.0,1.0
text_segments,Q-DOC03-FACT-012,grade>=2,2,2|1|1|1|1,1.0,1.0,1.0,1.0
text_segments,Q-DOC03-FACT-013,grade>=2,2,2|1|1|1|0,1.0,1.0,1.0,1.0
text_segments,Q-DOC03-FACT-014,grade>=2,2,2|1|1|1|1,1.0,1.0,1.0,1.0
text_segments,Q-DOC03-FACT-015,grade>=2,1,1|1|1|1|1,0.0,0.0,0.0,0.0
text_segments,Q-DOC04-FACT-011,grade>=2,1,1|1|1|1|2,0.0,1.0,0.2,0.386853
text_segments,Q-DOC04-FACT-012,grade>=2,3,3|3|2|1|1,1.0,1.0,1.0,1.0
text_segments,Q-DOC04-FACT-013,grade>=2,2,2|3|1|2|1,1.0,1.0,1.0,0.83794
text_segments,Q-DOC04-FACT-014,grade>=2,2,2|1|1|1|2,1.0,1.0,1.0,0.850345
text_segments,Q-DOC04-FACT-015,grade>=2,2,2|1|1|1|3,1.0,1.0,1.0,0.549224
text_segments,Q-DOC05-FACT-009,grade>=2,2,2|2|1|2|1,1.0,1.0,1.0,0.80481
text_segments,Q-DOC05-FACT-010,grade>=2,2,2|2|2|1|1,1.0,1.0,1.0,0.831872
text_segments,Q-DOC05-FACT-011,grade>=2,2,2|2|2|2|1,1.0,1.0,1.0,0.868795
text_segments,Q-DOC05-FACT-012,grade>=2,2,2|2|1|1|2,1.0,1.0,1.0,0.787702
text_segments,Q-DOC05-FACT-013,grade>=2,2,2|1|1|1|2,1.0,1.0,1.0,0.850345
text_segments,Q-DOC06-FACT-009,grade>=2,1,1|1|1|1|1,0.0,0.0,0.0,0.0
text_segments,Q-DOC06-FACT-010,grade>=2,2,2|0|1|1|0,1.0,1.0,1.0,1.0
text_segments,Q-DOC06-FACT-011,grade>=2,2,2|1|0|1|0,1.0,1.0,1.0,1.0
text_segments,Q-DOC06-FACT-012,grade>=2,1,1|1|1|1|1,0.0,0.0,0.0,0.0
text_segments,Q-DOC06-FACT-013,grade>=2,2,2|1|1|0|0,1.0,1.0,1.0,1.0
text_segments,Q-DOC07-FACT-013,grade>=2,2,2|1|1|0|1,1.0,1.0,1.0,1.0
text_segments,Q-DOC07-FACT-014,grade>=2,1,1|1|1|1|0,0.0,0.0,0.0,0.0
text_segments,Q-DOC07-FACT-015,grade>=2,1,1|1|1|1|1,0.0,0.0,0.0,0.0
text_segments,Q-DOC07-FACT-016,grade>=2,2,2|1|1|0|1,1.0,1.0,1.0,1.0
text_segments,Q-DOC07-FACT-017,grade>=2,2,2|1|1|1|1,1.0,1.0,1.0,1.0
text_segments,Q-DOC08-FACT-013,grade>=2,2,2|0|0|1|1,1.0,1.0,1.0,1.0
text_segments,Q-DOC08-FACT-014,grade>=2,1,1|1|1|1|1,0.0,0.0,0.0,0.0
text_segments,Q-DOC08-FACT-015,grade>=2,1,1|1|0|0|1,0.0,0.0,0.0,0.0
text_segments,Q-DOC08-FACT-016,grade>=2,1,1|1|1|1|1,0.0,0.0,0.0,0.0
text_segments,Q-DOC08-FACT-017,grade>=2,1,1|0|0|1|1,0.0,0.0,0.0,0.0
text_segments,Q-DOC09-FACT-016,grade>=2,2,2|1|1|1|1,1.0,1.0,1.0,1.0
text_segments,Q-DOC09-FACT-017,grade>=2,2,2|1|1|1|1,1.0,1.0,1.0,1.0
text_segments,Q-DOC09-FACT-018,grade>=2,1,1|1|1|1|1,0.0,0.0,0.0,0.0
text_segments,Q-DOC09-FACT-019,grade>=2,1,1|1|1|0|1,0.0,0.0,0.0,0.0
text_segments,Q-DOC09-FACT-020,grade>=2,2,2|1|1|1|1,1.0,1.0,1.0,1.0
text_segments,Q-DOC10-FACT-016,grade>=2,1,1|2|2|1|1,0.0,1.0,0.5,0.693426
text_segments,Q-DOC10-FACT-017,grade>=2,1,1|1|2|1|1,0.0,1.0,0.333333,0.5
text_segments,Q-DOC10-FACT-018,grade>=2,1,1|1|1|0|0,0.0,0.0,0.0,0.0
text_segments,Q-DOC10-FACT-019,grade>=2,1,1|1|1|1|0,0.0,0.0,0.0,0.0
text_segments,Q-DOC10-FACT-020,grade>=2,1,1|1|1|1|2,0.0,1.0,0.2,0.386853
